sample;annotation
форма для выпечки;[(0, 5, 'B-TYPE')]
фарш свиной;[(0, 4, 'B-TYPE'), (5, 11, 'B-TYPE')]
сок ананасовый без сахара;[(0, 3, 'B-TYPE'), (4, 14, 'B-TYPE')]
еринги;[]
молооко;[(0, 7, 'B-TYPE')]
поролок;[(0, 7, 'B-TYPE')]
свмнина;[(0, 7, 'B-TYPE')]
припрааа для рыбы;[(0, 8, 'B-TYPE')]
сулугцн;[(0, 7, 'B-TYPE')]
mitti;[(0, 5, 'B-BRAND')]
пастеризованна;[(0, 14, 'B-TYPE')]
полуфабрикаиы;[(0, 13, 'B-TYPE')]
семена экон;[(0, 6, 'B-TYPE'), (7, 11, 'B-BRAND')]
соус по грузински;[(0, 4, 'B-TYPE'), (5, 7, 'B-TYPE'), (8, 17, 'B-BRAND')]
то матная паста;[(0, 2, 'B-TYPE'), (3, 9, 'B-TYPE'), (10, 15, 'B-TYPE')]
фаворит;[(0, 7, 'B-TYPE')]
ополаскиватель. для белья;[(0, 15, 'B-TYPE')]
сливкп;[(0, 6, 'B-TYPE')]
бамбу;[(0, 5, 'B-TYPE')]
nishoom;[(0, 7, 'B-BRAND')]
семушка орех;[(0, 7, 'B-BRAND'), (8, 12, 'B-TYPE')]
немолоко;[(0, 8, 'B-TYPE')]
прочий чай;[(0, 6, 'B-TYPE'), (7, 10, 'B-TYPE')]
сейчас мантел;[(7, 13, 'B-TYPE')]
петмол;[(0, 6, 'B-TYPE')]
сырокопчёная;[(0, 12, 'B-TYPE')]
chco;[(0, 4, 'B-BRAND')]
сосиски желе;[(0, 7, 'B-TYPE'), (8, 12, 'B-TYPE')]
гречкан;[(0, 7, 'B-TYPE')]
cheese;[]
dr.oetker ванильны;[(0, 9, 'B-BRAND'), (10, 18, 'B-TYPE')]
антистати;[(0, 9, 'B-TYPE')]
очки гала;[(0, 4, 'B-TYPE'), (5, 9, 'B-BRAND')]
сов;[(0, 3, 'B-TYPE')]
atlantic плавки;[(0, 8, 'B-BRAND'), (9, 15, 'B-TYPE')]
мясо свинина индейка;[(0, 4, 'B-TYPE'), (5, 12, 'B-TYPE'), (13, 20, 'B-TYPE')]
соседдушка трубочка;[(0, 10, 'B-BRAND'), (11, 19, 'B-TYPE')]
хлеб белый батон;[(0, 4, 'B-TYPE'), (5, 10, 'B-TYPE'), (11, 16, 'B-BRAND')]
огурцы маринованные;[(0, 6, 'B-TYPE'), (7, 19, 'B-TYPE')]
маслины vitalan;[(0, 7, 'B-TYPE'), (8, 15, 'B-BRAND')]
маринованое;[(0, 11, 'B-TYPE')]
сосиски,;[(0, 8, 'B-TYPE')]
оп;[(0, 2, 'B-TYPE')]
удлинители камели;[(0, 10, 'B-TYPE'), (11, 17, 'B-TYPE')]
пастеризованн;[(0, 13, 'B-TYPE')]
сырок за из;[(0, 5, 'B-TYPE')]
крекер baul;[(0, 6, 'B-TYPE'), (7, 11, 'B-BRAND')]
нблины;[(0, 6, 'B-TYPE')]
крриандр;[(0, 8, 'B-TYPE')]
сыорок;[(0, 6, 'B-TYPE')]
моющее доя посуды;[(0, 6, 'B-TYPE')]
тостоввй;[(0, 8, 'B-TYPE')]
омич;[(0, 4, 'B-TYPE')]
кпсуы;[(0, 5, 'B-TYPE')]
пацонез;[(0, 7, 'B-TYPE')]
шашлычн;[(0, 7, 'B-TYPE')]
кружки;[(0, 6, 'B-TYPE')]
альбомы brauberg;[(0, 7, 'B-TYPE'), (8, 16, 'B-BRAND')]
бокс с игрушкой;[(0, 4, 'B-TYPE')]
ядро;[]
сардельки унипр;[(0, 9, 'B-TYPE'), (10, 15, 'B-BRAND')]
пдоельники;[(0, 10, 'B-TYPE')]
сгцщеное;[(0, 8, 'B-TYPE')]
яблоки фуджи;[(0, 6, 'B-TYPE'), (7, 12, 'B-BRAND')]
помидораы;[(0, 9, 'B-TYPE')]
игрушки;[(0, 7, 'B-TYPE')]
кружек факелман;[(0, 6, 'B-TYPE'), (7, 15, 'B-BRAND')]
очиститель наки;[(0, 10, 'B-TYPE'), (11, 15, 'B-TYPE')]
печенье орео;[(0, 7, 'B-TYPE'), (8, 12, 'B-TYPE')]
сыи;[(0, 3, 'B-TYPE')]
шампиньёны;[(0, 10, 'B-TYPE')]
трусо;[(0, 5, 'B-TYPE')]
докторскя;[(0, 9, 'B-TYPE')]
виныапитки;[]
белый хлеб нарезной;[(0, 5, 'B-TYPE'), (6, 10, 'B-TYPE')]
катык тольяттимолок;[(0, 5, 'B-TYPE'), (6, 19, 'B-BRAND')]
merries трусик;[(0, 7, 'B-BRAND'), (8, 14, 'B-TYPE')]
обложки prof;[(0, 7, 'B-TYPE'), (8, 12, 'B-BRAND')]
тряпки;[(0, 6, 'B-TYPE')]
карнишоны;[(0, 9, 'B-TYPE')]
редис белоруч;[(0, 5, 'B-TYPE'), (6, 13, 'B-BRAND')]
прочие овощные;[(0, 6, 'B-TYPE'), (7, 14, 'B-TYPE')]
шампаиньоны;[(0, 11, 'B-TYPE')]
комнский;[(0, 8, 'B-TYPE')]
ананс;[(0, 5, 'B-TYPE')]
шоксики;[(0, 7, 'B-TYPE')]
пилинг;[(0, 6, 'B-BRAND')]
овлщи;[(0, 5, 'B-TYPE')]
помидорчики;[(0, 11, 'B-TYPE')]
сыром плавленый;[(0, 5, 'B-TYPE'), (6, 15, 'B-TYPE')]
вада со вкусом;[(0, 4, 'B-TYPE')]
сахар тросниковый;[(0, 5, 'B-TYPE'), (6, 17, 'B-TYPE')]
цыпоенок;[(0, 8, 'B-TYPE')]
сапоги защитн;[(0, 6, 'B-TYPE'), (7, 13, 'B-TYPE')]
мармелаэз;[(0, 9, 'B-TYPE')]
шпикачики;[(0, 9, 'B-TYPE')]
кисточ;[(0, 6, 'B-TYPE')]
булочка с вишней;[(0, 7, 'B-TYPE')]
буллска с черникой;[(0, 7, 'B-TYPE')]
сироп топинамбура;[(0, 5, 'B-TYPE'), (6, 17, 'B-TYPE')]
овощные смес;[(0, 7, 'B-TYPE'), (8, 12, 'B-TYPE')]
хлеб каравай;[(0, 4, 'B-TYPE'), (5, 12, 'B-TYPE')]
постный майонез;[(0, 7, 'B-TYPE'), (8, 15, 'B-TYPE')]
рубатки;[(0, 7, 'B-TYPE')]
свече;[(0, 5, 'B-TYPE')]
гель gra;[(0, 4, 'B-TYPE'), (5, 8, 'B-BRAND')]
ванилик;[(0, 7, 'B-TYPE')]
чаек;[(0, 4, 'B-TYPE')]
уукуруза;[(0, 8, 'B-TYPE')]
сельдь крепкосолен;[(0, 6, 'B-TYPE'), (7, 18, 'B-TYPE')]
ананасовый;[(0, 10, 'B-TYPE')]
бефс;[(0, 4, 'B-TYPE')]
сгущенок;[(0, 8, 'B-TYPE')]
апельстны;[(0, 9, 'B-TYPE')]
рожк;[(0, 4, 'B-TYPE')]
круасан;[(0, 7, 'B-TYPE')]
шпрроты;[(0, 7, 'B-TYPE')]
макарноны;[(0, 9, 'B-TYPE')]
стразы;[(0, 6, 'B-BRAND')]
зелё;[(0, 4, 'B-TYPE')]
хлуб;[(0, 4, 'B-TYPE')]
зелень укроп;[(0, 6, 'B-TYPE'), (7, 12, 'B-TYPE')]
конопл;[(0, 6, 'B-TYPE')]
слой;[(0, 4, 'B-TYPE')]
вермишель быстро приготовления;[(0, 9, 'B-TYPE'), (17, 30, 'B-TYPE')]
рте;[]
нф калькуляторы;[(0, 2, 'B-BRAND'), (3, 15, 'B-TYPE')]
моркол;[(0, 6, 'B-TYPE')]
сырникио;[(0, 8, 'B-TYPE')]
мука цельно;[(0, 4, 'B-TYPE'), (5, 11, 'B-TYPE')]
капустые;[(0, 8, 'B-TYPE')]
rri;[(0, 3, 'B-BRAND')]
гель jun;[(0, 4, 'B-TYPE'), (5, 8, 'B-BRAND')]
сок сады вишня;[(0, 3, 'B-TYPE'), (4, 8, 'B-BRAND'), (9, 14, 'B-BRAND')]
spicexpert перцев;[(0, 10, 'B-BRAND'), (11, 17, 'B-TYPE')]
подушечки хрутка;[(0, 9, 'B-TYPE'), (10, 16, 'B-BRAND')]
маринованая;[(0, 11, 'B-TYPE')]
бяшбармачная;[(0, 12, 'B-TYPE')]
aktive;[]
халапенье;[(0, 9, 'B-TYPE')]
зелень;[(0, 6, 'B-TYPE')]
ветчинн;[(0, 7, 'B-TYPE')]
жевательня;[(0, 10, 'B-TYPE')]
гранаи;[(0, 6, 'B-TYPE')]
сладояр прян;[(0, 7, 'B-TYPE'), (8, 12, 'B-TYPE')]
джениус подскажи;[]
зубных щет;[(0, 6, 'B-TYPE'), (7, 10, 'B-TYPE')]
liss krouy;[]
сыр ежедень;[(0, 3, 'B-TYPE'), (4, 11, 'B-TYPE')]
варен.;[(0, 6, 'B-TYPE')]
наборы инструментов;[(0, 6, 'B-TYPE'), (7, 19, 'B-TYPE')]
грудкк;[(0, 6, 'B-TYPE')]
mivimix;[(0, 7, 'B-BRAND')]
свнина;[(0, 6, 'B-TYPE')]
алкнка;[(0, 6, 'B-TYPE')]
булур;[(0, 5, 'B-TYPE')]
сыр карат;[(0, 3, 'B-TYPE'), (4, 9, 'B-TYPE')]
triol миск;[(0, 5, 'B-BRAND'), (6, 10, 'B-TYPE')]
телятины мороженн;[(0, 8, 'B-TYPE'), (9, 17, 'B-TYPE')]
рекс;[(0, 4, 'B-TYPE')]
lph;[(0, 3, 'B-BRAND')]
печень куриная;[(0, 6, 'B-TYPE'), (7, 14, 'B-TYPE')]
брюкв;[(0, 5, 'B-TYPE')]
напиток fresh тропический;[(0, 7, 'B-TYPE'), (8, 13, 'B-BRAND'), (14, 25, 'B-BRAND')]
вишнювич;[(0, 8, 'B-TYPE')]
творожныц;[(0, 9, 'B-TYPE')]
соломка lore;[(0, 7, 'B-TYPE'), (8, 12, 'B-BRAND')]
медовуха афанас;[(0, 8, 'B-TYPE'), (9, 15, 'B-BRAND')]
твистер;[(0, 7, 'B-BRAND')]
гбка;[(0, 4, 'B-TYPE')]
зелёный чай;[(0, 7, 'B-TYPE'), (8, 11, 'B-TYPE')]
черкизово шпикач;[(0, 9, 'B-BRAND'), (10, 16, 'B-TYPE')]
крабаы;[(0, 6, 'B-TYPE')]
гречес4ий;[(0, 9, 'B-TYPE')]
sens;[(0, 4, 'B-TYPE')]
все для праздника;[]
nrmoloko;[(0, 8, 'B-TYPE')]
мел crayol;[(0, 3, 'B-TYPE'), (4, 10, 'B-TYPE')]
ручки trilobi;[(0, 5, 'B-TYPE'), (6, 13, 'B-BRAND')]
карпаче;[(0, 7, 'B-TYPE')]
туалнтная;[(0, 9, 'B-TYPE')]
апельсиновы;[(0, 11, 'B-TYPE')]
губка металлическая для посуды;[(0, 5, 'B-TYPE'), (6, 19, 'B-TYPE')]
быстров каш;[(0, 7, 'B-TYPE'), (8, 11, 'B-TYPE')]
туалктняя;[(0, 9, 'B-TYPE')]
тортик petr;[(0, 6, 'B-TYPE'), (7, 11, 'B-BRAND')]
добродел сало;[(0, 8, 'B-BRAND'), (9, 13, 'B-TYPE')]
коптильный;[(0, 10, 'B-TYPE')]
петрушкв;[(0, 8, 'B-TYPE')]
картофельные чипсы;[(0, 12, 'B-TYPE'), (13, 18, 'B-TYPE')]
спреды милков;[(0, 6, 'B-TYPE'), (7, 13, 'B-BRAND')]
вода газированная да;[(0, 4, 'B-TYPE'), (5, 17, 'B-TYPE')]
тыква fresc;[(0, 5, 'B-TYPE'), (6, 11, 'B-BRAND')]
шпагетти;[(0, 8, 'B-TYPE')]
урбечь;[(0, 6, 'B-TYPE')]
fit kit;[(0, 3, 'B-TYPE'), (4, 7, 'B-TYPE')]
хлеб тостерный;[(0, 4, 'B-TYPE'), (5, 14, 'B-TYPE')]
чай майский крупнолистовой;[(0, 3, 'B-TYPE'), (4, 11, 'B-TYPE'), (12, 26, 'B-TYPE')]
перча;[(0, 5, 'B-TYPE')]
соус унаги;[(0, 4, 'B-TYPE'), (5, 10, 'B-TYPE')]
гранулах bag;[(0, 8, 'B-TYPE'), (9, 12, 'B-BRAND')]
капучиа;[(0, 7, 'B-TYPE')]
копченая грудинка;[(0, 8, 'B-TYPE'), (9, 17, 'B-TYPE')]
сокт;[(0, 4, 'B-TYPE')]
ониа;[(0, 4, 'B-TYPE')]
грече;[(0, 5, 'B-TYPE')]
лапша да из;[(0, 5, 'B-TYPE')]
мука пшен;[(0, 4, 'B-TYPE'), (5, 9, 'B-TYPE')]
соленая карамель;[(0, 7, 'B-TYPE'), (8, 16, 'B-TYPE')]
сардельки;[(0, 9, 'B-TYPE')]
ароматизтор;[(0, 11, 'B-TYPE')]
глзировка;[(0, 9, 'B-TYPE')]
бублик атрус;[(0, 6, 'B-TYPE'), (7, 12, 'B-BRAND')]
пельиени;[(0, 8, 'B-TYPE')]
яблоки кислые;[(0, 6, 'B-TYPE'), (7, 13, 'B-TYPE')]
какао гранулированный;[(0, 5, 'B-TYPE'), (6, 21, 'B-TYPE')]
горбушей;[(0, 8, 'B-TYPE')]
суп с буквами;[(0, 3, 'B-TYPE')]
с корицей;[]
борщава;[(0, 7, 'B-TYPE')]
ара;[(0, 3, 'B-TYPE')]
limpopo крас;[(0, 7, 'B-BRAND'), (8, 12, 'B-TYPE')]
бездрржжевой;[(0, 12, 'B-TYPE')]
пылесосов philip;[(0, 9, 'B-TYPE'), (10, 16, 'B-BRAND')]
жпроты;[(0, 6, 'B-TYPE')]
lotus диск;[(6, 10, 'B-TYPE')]
для мытья детской посуды;[]
фрутанян;[(0, 8, 'B-TYPE')]
пончо;[(0, 5, 'B-TYPE')]
курица производст;[(0, 6, 'B-TYPE'), (7, 17, 'B-BRAND')]
майон;[(0, 5, 'B-TYPE')]
колбаса ливерная;[(0, 7, 'B-TYPE'), (8, 16, 'B-TYPE')]
крупка кукурузн;[(0, 6, 'B-TYPE'), (7, 15, 'B-TYPE')]
селяно;[(0, 6, 'B-TYPE')]
прокладких;[(0, 10, 'B-TYPE')]
суфле yax;[(0, 5, 'B-TYPE'), (6, 9, 'B-BRAND')]
хмели сун;[(0, 5, 'B-TYPE'), (6, 9, 'B-BRAND')]
фругур;[(0, 6, 'B-TYPE')]
вода минер;[(0, 4, 'B-TYPE'), (5, 10, 'B-TYPE')]
вый;[(0, 3, 'B-TYPE')]
маслины без комточек;[(0, 7, 'B-TYPE')]
красная цена кукуруза;[(0, 7, 'B-BRAND'), (8, 12, 'B-BRAND'), (13, 21, 'B-TYPE')]
ветчинп;[(0, 7, 'B-TYPE')]
памидоры;[(0, 8, 'B-TYPE')]
мужские набо;[(0, 7, 'B-TYPE'), (8, 12, 'B-TYPE')]
кислос;[(0, 6, 'B-TYPE')]
картоофнель;[(0, 11, 'B-TYPE')]
имбиря приправыч;[(0, 6, 'B-TYPE'), (7, 16, 'B-BRAND')]
пеиолюк;[(0, 7, 'B-TYPE')]
электричпеские;[(0, 14, 'B-TYPE')]
освежттель;[(0, 10, 'B-TYPE')]
иайонец;[(0, 7, 'B-TYPE')]
сашями;[(0, 6, 'B-TYPE')]
умкк торто;[(0, 4, 'B-BRAND'), (5, 10, 'B-TYPE')]
производство заливные;[(0, 12, 'B-BRAND'), (13, 21, 'B-TYPE')]
бадьян sonnentor;[(0, 6, 'B-TYPE'), (7, 16, 'B-BRAND')]
макарнны;[(0, 8, 'B-TYPE')]
мыло хозяйственное;[(0, 4, 'B-TYPE'), (5, 18, 'B-TYPE')]
корм кош сухой;[(0, 4, 'B-TYPE'), (9, 14, 'B-TYPE')]
когтеточки;[(0, 10, 'B-TYPE')]
кетчупо;[(0, 7, 'B-BRAND')]
хлеб с семечками;[(0, 4, 'B-TYPE')]
капуста брокколи;[(0, 7, 'B-TYPE'), (8, 16, 'B-TYPE')]
гречески1;[(0, 9, 'B-TYPE')]
моо;[(0, 3, 'B-TYPE')]
шоколадов;[(0, 9, 'B-TYPE')]
ловушки;[(0, 7, 'B-TYPE')]
манжарины;[(0, 9, 'B-TYPE')]
стекломой комфо;[(0, 9, 'B-TYPE'), (10, 15, 'B-BRAND')]
сумка louman;[(0, 5, 'B-TYPE'), (6, 12, 'B-BRAND')]
голубцы мясославль;[(0, 7, 'B-TYPE'), (8, 18, 'B-BRAND')]
клбаска;[(0, 7, 'B-TYPE')]
мороженае;[(0, 9, 'B-TYPE')]
кури;[(0, 4, 'B-TYPE')]
пахлава pet;[(0, 7, 'B-TYPE'), (8, 11, 'B-BRAND')]
атяшево снежок;[(0, 7, 'B-BRAND'), (8, 14, 'B-TYPE')]
зонты sil;[(0, 5, 'B-TYPE'), (6, 9, 'B-BRAND')]
сок красни. цена;[(0, 3, 'B-TYPE'), (4, 11, 'B-BRAND'), (12, 16, 'B-BRAND')]
sonno диффузо;[(0, 5, 'B-BRAND'), (6, 13, 'B-TYPE')]
пазлы;[(0, 5, 'B-TYPE')]
бьинчики;[(0, 8, 'B-TYPE')]
напоонитель;[(0, 11, 'B-TYPE')]
купаты crayol;[(0, 6, 'B-TYPE'), (7, 13, 'B-BRAND')]
коржи дл торт;[(0, 5, 'B-TYPE')]
пшенов;[(0, 6, 'B-TYPE')]
полировка автомобиля;[(0, 9, 'B-TYPE'), (10, 20, 'B-BRAND')]
макар;[(0, 5, 'B-TYPE')]
горчича;[(0, 7, 'B-TYPE')]
кипель;[(0, 6, 'B-TYPE')]
sladko баклажа;[(0, 6, 'B-BRAND'), (7, 14, 'B-TYPE')]
крекеры вв;[(0, 7, 'B-TYPE'), (8, 10, 'B-BRAND')]
карртофель;[(0, 10, 'B-TYPE')]
чай гринфилд;[(0, 3, 'B-TYPE'), (4, 12, 'B-BRAND')]
шампунь;[(0, 7, 'B-TYPE')]
shokc;[(0, 5, 'B-BRAND')]
сырок глазированый;[(0, 5, 'B-TYPE'), (6, 18, 'B-TYPE')]
orio;[]
муйонез;[(0, 7, 'B-TYPE')]
ручко;[(0, 5, 'B-TYPE')]
капуста свежий урожай;[(0, 7, 'B-TYPE'), (8, 14, 'B-TYPE')]
коуасаны;[(0, 8, 'B-TYPE')]
сокдство для посуды;[(0, 8, 'B-TYPE')]
масло топленое;[(0, 5, 'B-TYPE'), (6, 14, 'B-TYPE')]
подкладки;[(0, 9, 'B-TYPE')]
дрожжи dr.bake;[(0, 6, 'B-TYPE'), (7, 14, 'B-BRAND')]
соус сацебели;[(0, 4, 'B-TYPE'), (5, 13, 'B-TYPE')]
шоколадное;[(0, 10, 'B-TYPE')]
горршек;[(0, 7, 'B-TYPE')]
блины с вишней;[(0, 5, 'B-TYPE')]
варенька;[(0, 8, 'B-TYPE')]
ботинки бимбо;[(0, 7, 'B-TYPE'), (8, 13, 'B-BRAND')]
виски стм;[(0, 5, 'B-TYPE'), (6, 9, 'B-BRAND')]
sheetos;[(0, 7, 'B-BRAND')]
желудочк;[(0, 8, 'B-TYPE')]
сыр плавлененый;[(0, 3, 'B-TYPE'), (4, 15, 'B-TYPE')]
кинз;[(0, 4, 'B-TYPE')]
в томатном соусе рыьа;[]
негири;[(0, 6, 'B-TYPE')]
магур;[(0, 5, 'B-BRAND')]
холодные чаи;[(0, 8, 'B-TYPE'), (9, 12, 'B-TYPE')]
масль;[(0, 5, 'B-TYPE')]
чай lipt;[(0, 3, 'B-TYPE'), (4, 8, 'B-BRAND')]
хозяйственные;[(0, 13, 'B-TYPE')]
расссольник;[(0, 11, 'B-TYPE')]
чипсы с лососем;[(0, 5, 'B-TYPE')]
hohcland;[(0, 8, 'B-BRAND')]
круасанн;[(0, 8, 'B-TYPE')]
хлеб зерн;[(0, 4, 'B-TYPE'), (5, 9, 'B-TYPE')]
маги для борща;[(0, 4, 'B-BRAND')]
яйцо курин;[(0, 4, 'B-TYPE'), (5, 10, 'B-TYPE')]
аанилин;[(0, 7, 'B-TYPE')]
huggis;[(0, 6, 'B-BRAND')]
ипсы;[(0, 4, 'B-TYPE')]
порошок для ручнрй;[(0, 7, 'B-TYPE')]
батарейкиу;[(0, 10, 'B-TYPE')]
сырок творожн;[(0, 5, 'B-TYPE'), (6, 13, 'B-TYPE')]
колбаса копченная;[(0, 7, 'B-TYPE'), (8, 17, 'B-TYPE')]
помижорыг;[(0, 9, 'B-TYPE')]
дапша для ужона;[(0, 5, 'B-TYPE')]
чай nadi;[(0, 3, 'B-TYPE'), (4, 8, 'B-BRAND')]
бумага подарочн;[(0, 6, 'B-TYPE'), (7, 15, 'B-TYPE')]
угле поле;[(0, 4, 'B-TYPE'), (5, 9, 'B-BRAND')]
коые в зернах;[(0, 4, 'B-TYPE')]
кофе на паях;[(0, 4, 'B-TYPE')]
морша;[(0, 5, 'B-TYPE')]
ягодное лукошко;[(0, 7, 'B-TYPE'), (8, 15, 'B-TYPE')]
вд питьея;[(0, 2, 'B-TYPE'), (3, 9, 'B-TYPE')]
фетнес;[(0, 6, 'B-TYPE')]
жасмином;[(0, 8, 'B-TYPE')]
мускатный орех;[(0, 9, 'B-TYPE'), (10, 14, 'B-TYPE')]
кабачковач;[(0, 10, 'B-TYPE')]
белый рис;[(0, 5, 'B-TYPE'), (6, 9, 'B-TYPE')]
пицца;[(0, 5, 'B-TYPE')]
пюре сухое;[(0, 4, 'B-TYPE'), (5, 10, 'B-TYPE')]
огородников уксу;[(0, 11, 'B-BRAND'), (12, 16, 'B-TYPE')]
ччлки;[(0, 5, 'B-TYPE')]
хоеб тостовый;[(0, 4, 'B-TYPE'), (5, 13, 'B-TYPE')]
булочка доя бургера;[(0, 7, 'B-TYPE')]
сахаор;[(0, 6, 'B-TYPE')]
спичуи;[(0, 6, 'B-TYPE')]
яблоко вишня;[(0, 6, 'B-TYPE'), (7, 12, 'B-TYPE')]
полукопченные колбаск;[(0, 13, 'B-TYPE'), (14, 21, 'B-TYPE')]
кремобоны;[(0, 9, 'B-TYPE')]
сковороды, сотейник;[(0, 10, 'B-TYPE'), (11, 19, 'B-TYPE')]
морожее;[(0, 7, 'B-TYPE')]
конфеты шоколадные;[(0, 7, 'B-TYPE'), (8, 18, 'B-TYPE')]
баклажаны slad;[(0, 9, 'B-TYPE'), (10, 14, 'B-BRAND')]
кукцрузнве палочк э;[(0, 10, 'B-TYPE'), (11, 17, 'B-TYPE')]
голубцы элик;[(0, 7, 'B-TYPE'), (8, 12, 'B-BRAND')]
кавртошка;[(0, 9, 'B-TYPE')]
близна;[(0, 6, 'B-TYPE')]
штучка;[(0, 6, 'B-BRAND')]
конопля;[(0, 7, 'B-TYPE')]
сметага;[(0, 7, 'B-TYPE')]
молнко;[(0, 6, 'B-TYPE')]
сейчас lusin;[(7, 12, 'B-BRAND')]
лда;[(0, 3, 'B-TYPE')]
gheetos;[(0, 7, 'B-BRAND')]
сухарики с семгой;[(0, 8, 'B-TYPE')]
lavaz;[]
mamb;[(0, 4, 'B-BRAND')]
скумбрии;[(0, 8, 'B-TYPE')]
томатную;[(0, 8, 'B-TYPE')]
хаусманн быстро;[(0, 8, 'B-BRAND'), (9, 15, 'B-BRAND')]
грибы свежи;[(0, 5, 'B-TYPE'), (6, 11, 'B-TYPE')]
ваниль парф;[(0, 6, 'B-TYPE'), (7, 11, 'B-BRAND')]
капуста цвет;[(0, 7, 'B-TYPE'), (8, 12, 'B-TYPE')]
пиво navigator;[(0, 4, 'B-TYPE'), (5, 14, 'B-BRAND')]
аккумуляторы;[(0, 12, 'B-TYPE')]
сок0;[(0, 4, 'B-TYPE')]
белое виноградно;[(0, 5, 'B-TYPE'), (6, 16, 'B-TYPE')]
средства защиты;[(0, 8, 'B-TYPE'), (9, 15, 'B-TYPE')]
заморожен;[(0, 9, 'B-TYPE')]
confesso;[(0, 8, 'B-BRAND')]
простквашп;[(0, 10, 'B-TYPE')]
разрыжлитель;[(0, 12, 'B-TYPE')]
ne moloko;[(3, 9, 'B-TYPE')]
щашлык;[(0, 6, 'B-TYPE')]
haas ванильны;[(0, 4, 'B-BRAND'), (5, 13, 'B-TYPE')]
цикррий;[(0, 7, 'B-TYPE')]
пирожковое;[(0, 10, 'B-TYPE')]
тогурт;[(0, 6, 'B-TYPE')]
смесь приправ;[(0, 5, 'B-TYPE'), (6, 13, 'B-BRAND')]
stardent;[(0, 8, 'B-BRAND')]
приправа жля картофеля;[(0, 8, 'B-TYPE')]
каша в пакетиках быстрого приготовления;[(0, 4, 'B-TYPE')]
вода лимон лайм;[(0, 4, 'B-TYPE'), (5, 10, 'B-TYPE')]
фруктовое пю;[(0, 9, 'B-TYPE'), (10, 12, 'B-TYPE')]
свеко;[(0, 5, 'B-TYPE')]
мультидом крыш;[(0, 9, 'B-BRAND'), (10, 14, 'B-TYPE')]
фасоль красная;[(0, 6, 'B-TYPE'), (7, 14, 'B-TYPE')]
curties;[(0, 7, 'B-BRAND')]
вафли шоколадные;[(0, 5, 'B-TYPE'), (6, 16, 'B-TYPE')]
мясное пюре для пупсов;[(0, 6, 'B-TYPE'), (7, 11, 'B-TYPE')]
полукопченое колба;[(0, 12, 'B-TYPE'), (13, 18, 'B-TYPE')]
порошок доя посуды;[(0, 7, 'B-TYPE')]
мини круассаны;[(0, 4, 'B-TYPE'), (5, 14, 'B-TYPE')]
поостоквашино;[(0, 13, 'B-TYPE')]
шпик рамфу;[(0, 4, 'B-TYPE'), (5, 10, 'B-BRAND')]
мандартгы;[(0, 9, 'B-TYPE')]
помл;[(0, 4, 'B-TYPE')]
яблочное пюре;[(0, 8, 'B-TYPE'), (9, 13, 'B-TYPE')]
крыжовн;[(0, 7, 'B-TYPE')]
трусы incanto;[(0, 5, 'B-TYPE'), (6, 13, 'B-BRAND')]
глазированны;[(0, 12, 'B-TYPE')]
аккумуляторы кому-нибудь;[(0, 12, 'B-TYPE')]
тешенка;[(0, 7, 'B-TYPE')]
devore или;[(0, 6, 'B-TYPE')]
яйа перпелиная;[(0, 3, 'B-TYPE'), (4, 14, 'B-TYPE')]
сухая смесь;[(0, 5, 'B-TYPE'), (6, 11, 'B-TYPE')]
сертуки;[(0, 7, 'B-TYPE')]
агроэко;[(0, 7, 'B-TYPE')]
подогревающая техни;[(0, 13, 'B-TYPE'), (14, 19, 'B-TYPE')]
дессерт;[(0, 7, 'B-TYPE')]
хризантема;[(0, 10, 'B-TYPE')]
рыбный фа;[(0, 6, 'B-TYPE'), (7, 9, 'B-TYPE')]
молочный коктейл;[(0, 8, 'B-TYPE'), (9, 16, 'B-TYPE')]
pompea трусо;[(0, 6, 'B-BRAND'), (7, 12, 'B-TYPE')]
слодыч;[(0, 6, 'B-TYPE')]
овсянок;[(0, 7, 'B-TYPE')]
убны пасты;[]
коннфеты;[(0, 8, 'B-TYPE')]
лукумы дзержинскхл;[(0, 6, 'B-TYPE'), (7, 18, 'B-BRAND')]
тесто доя пельменей;[(0, 5, 'B-TYPE')]
соус для бергеров;[(0, 4, 'B-TYPE')]
подгузники мерисы;[(0, 10, 'B-TYPE'), (11, 17, 'B-BRAND')]
терияке;[(0, 7, 'B-TYPE')]
отбелеватель;[(0, 12, 'B-TYPE')]
перчатки liberha;[(0, 8, 'B-TYPE'), (9, 16, 'B-BRAND')]
новогодние деревья;[(0, 10, 'B-TYPE'), (11, 18, 'B-TYPE')]
фруктзоа;[(0, 8, 'B-TYPE')]
немоко;[(0, 6, 'B-TYPE')]
фрикасе;[(0, 7, 'B-TYPE')]
хлеб для сэндвича;[(0, 4, 'B-TYPE')]
чиабата lo;[(0, 7, 'B-TYPE'), (8, 10, 'B-BRAND')]
цикормй;[(0, 7, 'B-TYPE')]
клубника со сливками;[(0, 8, 'B-TYPE')]
хлебницы брабант;[(0, 8, 'B-TYPE'), (9, 16, 'B-BRAND')]
колготки;[(0, 8, 'B-TYPE')]
snic;[(0, 4, 'B-BRAND')]
сельщь;[(0, 6, 'B-TYPE')]
яиц;[(0, 3, 'B-TYPE')]
сливки питьевое;[(0, 6, 'B-TYPE'), (7, 15, 'B-TYPE')]
миндал;[(0, 6, 'B-TYPE')]
нектар спды придонья;[(0, 6, 'B-TYPE'), (7, 11, 'B-BRAND'), (12, 20, 'B-BRAND')]
хамелеон;[]
питевои;[(0, 7, 'B-TYPE')]
lpton;[(0, 5, 'B-TYPE')]
морковт;[(0, 7, 'B-TYPE')]
холодного копчени;[(0, 9, 'B-TYPE'), (10, 17, 'B-TYPE')]
шоколадаа;[(0, 9, 'B-TYPE')]
сыры прочи;[(0, 4, 'B-TYPE'), (5, 10, 'B-TYPE')]
дмитровский творог;[(0, 11, 'B-BRAND'), (12, 18, 'B-TYPE')]
желатин айдиг;[(0, 7, 'B-TYPE'), (8, 13, 'B-BRAND')]
растительны;[(0, 11, 'B-TYPE')]
lin;[]
seasons краска;[(0, 7, 'B-BRAND'), (8, 14, 'B-TYPE')]
lorens;[(0, 6, 'B-TYPE')]
bodyart диск;[(0, 7, 'B-BRAND'), (8, 12, 'B-TYPE')]
сухие дрожжи;[(0, 5, 'B-TYPE'), (6, 12, 'B-TYPE')]
пальто grishk;[(0, 6, 'B-TYPE'), (7, 13, 'B-BRAND')]
сельдь в винном;[(0, 6, 'B-TYPE')]
belester;[(0, 8, 'B-BRAND')]
миниералтная;[(0, 12, 'B-TYPE')]
картофельх;[(0, 10, 'B-TYPE')]
пасло сливочное;[(0, 5, 'B-TYPE'), (6, 15, 'B-TYPE')]
вода эдельвейс;[(0, 4, 'B-TYPE'), (5, 14, 'B-BRAND')]
econta таблетк;[(0, 6, 'B-BRAND'), (7, 14, 'B-TYPE')]
borjom;[(0, 6, 'B-BRAND')]
булочка с ку;[(0, 7, 'B-TYPE')]
мармелпд;[(0, 8, 'B-TYPE')]
хлеб горчичный;[(0, 4, 'B-TYPE'), (5, 14, 'B-TYPE')]
бездоожжевой;[(0, 12, 'B-TYPE')]
барануи;[(0, 7, 'B-TYPE')]
ммлка;[(0, 5, 'B-TYPE')]
nutrillion;[(0, 10, 'B-BRAND')]
халапеню;[(0, 8, 'B-BRAND')]
kado;[(0, 4, 'B-BRAND')]
творогом;[(0, 8, 'B-TYPE')]
сом белгородры;[(0, 3, 'B-TYPE'), (4, 14, 'B-BRAND')]
топленно;[(0, 8, 'B-TYPE')]
отверток н;[(0, 8, 'B-TYPE'), (9, 10, 'B-BRAND')]
кукурцза;[(0, 8, 'B-TYPE')]
шинка;[(0, 5, 'B-TYPE')]
салатниц;[(0, 8, 'B-TYPE')]
маринован;[(0, 9, 'B-TYPE')]
серыш;[(0, 5, 'B-BRAND')]
корицы пар;[(0, 6, 'B-TYPE'), (7, 10, 'B-BRAND')]
поплкорн;[(0, 8, 'B-TYPE')]
мультифрут;[(0, 10, 'B-TYPE')]
lieberdodf;[(0, 10, 'B-TYPE')]
тарелка fial;[(0, 7, 'B-TYPE'), (8, 12, 'B-BRAND')]
нагггетсы;[(0, 9, 'B-TYPE')]
тумпоны;[(0, 7, 'B-TYPE')]
оисовая;[(0, 7, 'B-TYPE')]
калачик главхл;[(0, 7, 'B-TYPE'), (8, 14, 'B-BRAND')]
тарелки luminarc;[(0, 7, 'B-TYPE'), (8, 16, 'B-BRAND')]
рыденка;[(0, 7, 'B-TYPE')]
блинза;[(0, 6, 'B-TYPE')]
було;[(0, 4, 'B-TYPE')]
marta тосте;[(0, 5, 'B-BRAND'), (6, 11, 'B-TYPE')]
крыль;[(0, 5, 'B-TYPE')]
малиныч;[(0, 7, 'B-TYPE')]
для мусора;[(4, 10, 'B-TYPE')]
хлеб селяночка белый;[(0, 4, 'B-TYPE'), (5, 14, 'B-BRAND'), (15, 20, 'B-BRAND')]
curver крышки;[(0, 6, 'B-BRAND'), (7, 13, 'B-TYPE')]
сгущенный молочны;[(0, 9, 'B-TYPE'), (10, 17, 'B-TYPE')]
срочно tsuribito;[]
свинина морожена;[(0, 7, 'B-TYPE'), (8, 16, 'B-TYPE')]
виш;[(0, 3, 'B-TYPE')]
мака;[(0, 4, 'B-TYPE')]
детские;[(0, 7, 'B-TYPE')]
конервы;[(0, 7, 'B-TYPE')]
кофке;[(0, 5, 'B-TYPE')]
сельдь слабосоленая;[(0, 6, 'B-TYPE'), (7, 19, 'B-TYPE')]
свекловь;[(0, 8, 'B-TYPE')]
томаиы;[(0, 6, 'B-TYPE')]
бюстгальтер милавица;[(0, 11, 'B-TYPE'), (12, 20, 'B-BRAND')]
терка доя посуды;[(0, 5, 'B-TYPE')]
брынза тенд;[(0, 6, 'B-TYPE'), (7, 11, 'B-BRAND')]
имбиря приправы;[(0, 6, 'B-TYPE'), (7, 15, 'B-BRAND')]
докторскую;[(0, 10, 'B-TYPE')]
суп сырный;[(0, 3, 'B-TYPE'), (4, 10, 'B-TYPE')]
bradex мя;[(0, 6, 'B-BRAND'), (7, 9, 'B-TYPE')]
заменители икры;[(0, 10, 'B-TYPE'), (11, 15, 'B-TYPE')]
сахйар;[(0, 6, 'B-TYPE')]
снежок вкуснотеево;[(0, 6, 'B-TYPE'), (7, 18, 'B-BRAND')]
плмидорв;[(0, 8, 'B-TYPE')]
гранулах bagi;[(0, 8, 'B-TYPE'), (9, 13, 'B-BRAND')]
бальзамически;[(0, 13, 'B-TYPE')]
прокладкы;[(0, 9, 'B-TYPE')]
снеки мясные;[(0, 5, 'B-TYPE'), (6, 12, 'B-TYPE')]
skandik;[(0, 7, 'B-BRAND')]
овощной;[(0, 7, 'B-TYPE')]
рклет;[(0, 5, 'B-TYPE')]
сахарь;[(0, 6, 'B-TYPE')]
кофе в пакету;[(0, 4, 'B-TYPE')]
акваф;[(0, 5, 'B-TYPE')]
хлеб²;[(0, 5, 'B-TYPE')]
охлажая;[(0, 7, 'B-TYPE')]
салфеттки;[(0, 9, 'B-TYPE')]
молоко без;[(0, 6, 'B-TYPE')]
север экле;[(0, 5, 'B-BRAND'), (6, 10, 'B-TYPE')]
средство для подмывания;[(0, 8, 'B-TYPE')]
ростагроэкспорт сам;[(0, 15, 'B-BRAND')]
легкие;[(0, 6, 'B-TYPE')]
иркутская;[(0, 9, 'B-BRAND')]
напалнител;[(0, 10, 'B-TYPE')]
бондюэль;[(0, 8, 'B-TYPE')]
ьулгур;[(0, 6, 'B-TYPE')]
моркоаь;[(0, 7, 'B-TYPE')]
копхмал;[(0, 7, 'B-TYPE')]
соуы астория;[(0, 4, 'B-TYPE'), (5, 12, 'B-BRAND')]
шоколадные пасты;[(0, 10, 'B-TYPE'), (11, 16, 'B-TYPE')]
греческие;[(0, 9, 'B-TYPE')]
подушечк;[(0, 8, 'B-TYPE')]
свекла тендер;[(0, 6, 'B-TYPE'), (7, 13, 'B-BRAND')]
забава;[]
очки g&g;[(0, 4, 'B-TYPE'), (5, 8, 'B-BRAND')]
пастит;[(0, 6, 'B-TYPE')]
студнеь;[(0, 7, 'B-TYPE')]
goidmix;[(0, 7, 'B-BRAND')]
вода с носиком;[(0, 4, 'B-TYPE')]
ядра арахиса;[(0, 4, 'B-TYPE'), (5, 12, 'B-TYPE')]
обломовка;[(0, 9, 'B-TYPE')]
сыр васькино счастье;[(0, 3, 'B-TYPE'), (4, 12, 'B-TYPE'), (13, 20, 'B-BRAND')]
пр!ст хлебцы;[(0, 5, 'B-BRAND'), (6, 12, 'B-TYPE')]
vogue журнал;[(0, 5, 'B-BRAND'), (6, 12, 'B-TYPE')]
пирожоное;[(0, 9, 'B-TYPE')]
нектар j;[(0, 6, 'B-TYPE'), (7, 8, 'B-BRAND')]
соуз;[(0, 4, 'B-TYPE')]
буксировка автомобил;[(0, 10, 'B-TYPE'), (11, 20, 'B-TYPE')]
крылаш;[(0, 6, 'B-TYPE')]
макарогны;[(0, 9, 'B-TYPE')]
нф ошейни;[(0, 2, 'B-BRAND'), (3, 9, 'B-TYPE')]
стерилизованное молок;[(0, 15, 'B-TYPE'), (16, 21, 'B-TYPE')]
торты хелла;[(0, 5, 'B-TYPE'), (6, 11, 'B-BRAND')]
энергетиуи;[(0, 10, 'B-TYPE')]
альбомов herlitz;[(0, 8, 'B-TYPE'), (9, 16, 'B-BRAND')]
трески aga;[(0, 6, 'B-TYPE'), (7, 10, 'B-BRAND')]
гоочица;[(0, 7, 'B-TYPE')]
nutel;[(0, 5, 'B-BRAND')]
быстров ка;[]
помидар;[(0, 7, 'B-TYPE')]
carat горчиц;[(0, 5, 'B-BRAND'), (6, 12, 'B-TYPE')]
крнсервы;[(0, 8, 'B-TYPE')]
сырл(;[(0, 5, 'B-TYPE')]
фета;[]
ьтворог;[(0, 7, 'B-TYPE')]
анси;[]
окскок;[(0, 6, 'B-TYPE')]
сербская;[(0, 8, 'B-TYPE')]
алоэ;[(0, 4, 'B-BRAND')]
бумаги;[(0, 6, 'B-TYPE')]
пельменья;[(0, 9, 'B-TYPE')]
кши;[(0, 3, 'B-TYPE')]
нутла;[(0, 5, 'B-TYPE')]
блины, блинчи;[(0, 6, 'B-TYPE'), (7, 13, 'B-TYPE')]
тесто охлажденн;[(0, 5, 'B-TYPE'), (6, 15, 'B-TYPE')]
хачапур;[(0, 7, 'B-TYPE')]
кофе молотый монарх;[(0, 4, 'B-TYPE'), (5, 12, 'B-TYPE'), (13, 19, 'B-BRAND')]
гречв;[(0, 5, 'B-TYPE')]
олиаье;[(0, 6, 'B-TYPE')]
буксировка автомобилей;[(0, 10, 'B-TYPE'), (11, 22, 'B-BRAND')]
минерад;[(0, 7, 'B-TYPE')]
красный перец ос;[(0, 7, 'B-TYPE'), (8, 13, 'B-TYPE'), (14, 16, 'B-BRAND')]
гцбки для посуды;[(0, 5, 'B-TYPE')]
полукопченная колбаск;[(0, 13, 'B-TYPE'), (14, 21, 'B-TYPE')]
фруктовая смесь;[(0, 9, 'B-TYPE'), (10, 15, 'B-TYPE')]
мармелада;[(0, 9, 'B-TYPE')]
молокон;[(0, 7, 'B-TYPE')]
холрдец;[(0, 7, 'B-TYPE')]
salton растяжител;[(0, 6, 'B-TYPE'), (7, 17, 'B-TYPE')]
тимыян;[(0, 6, 'B-TYPE')]
шашлыки;[(0, 7, 'B-TYPE')]
ori гольфы;[(0, 3, 'B-BRAND'), (4, 10, 'B-TYPE')]
напиток sanpellegrin;[(0, 7, 'B-TYPE'), (8, 20, 'B-BRAND')]
колбоса докторская;[(0, 7, 'B-TYPE'), (8, 18, 'B-TYPE')]
батарейки ста;[(0, 9, 'B-TYPE'), (10, 13, 'B-TYPE')]
шиповн;[(0, 6, 'B-TYPE')]
яблок белоручк;[(0, 5, 'B-TYPE'), (6, 14, 'B-BRAND')]
рыбн;[(0, 4, 'B-TYPE')]
айсберг салат;[(0, 7, 'B-TYPE'), (8, 13, 'B-TYPE')]
малолко;[(0, 7, 'B-TYPE')]
пенм;[(0, 4, 'B-TYPE')]
бальзам-;[(0, 8, 'B-TYPE')]
ремесленный;[(0, 11, 'B-TYPE')]
печеночн;[(0, 8, 'B-TYPE')]
феникс спичк;[(0, 6, 'B-BRAND'), (7, 12, 'B-TYPE')]
шоколаду;[(0, 8, 'B-TYPE')]
американо;[(0, 9, 'B-TYPE')]
фасоль в томатном соусе;[(0, 6, 'B-TYPE')]
vitek мультиварки;[(0, 5, 'B-BRAND'), (6, 17, 'B-TYPE')]
макорогы;[(0, 8, 'B-TYPE')]
ром экстр;[(0, 3, 'B-TYPE'), (4, 9, 'B-BRAND')]
шеколадка;[(0, 9, 'B-TYPE')]
мирель;[(0, 6, 'B-TYPE')]
твороги;[(0, 7, 'B-TYPE')]
пингвин скумбр;[(0, 7, 'B-BRAND'), (8, 14, 'B-TYPE')]
шампунь для жирных;[(0, 7, 'B-TYPE')]
квасо;[(0, 5, 'B-TYPE')]
felix;[(0, 5, 'B-BRAND')]
пармалат;[(0, 8, 'B-TYPE')]
суос;[(0, 4, 'B-TYPE')]
curis;[(0, 5, 'B-BRAND')]
средство для мытия;[(0, 8, 'B-TYPE')]
чищенные;[(0, 8, 'B-TYPE')]
черкизово;[(0, 9, 'B-BRAND')]
сырокв;[(0, 6, 'B-TYPE')]
энергеэ;[(0, 7, 'B-TYPE')]
сгущонка;[(0, 8, 'B-TYPE')]
хлеб нарезной;[(0, 4, 'B-TYPE'), (5, 13, 'B-TYPE')]
хлиб;[(0, 4, 'B-TYPE')]
наполнителл;[(0, 11, 'B-TYPE')]
яблоки global village;[(0, 6, 'B-TYPE')]
мороженное в рожке;[(0, 10, 'B-TYPE')]
катошка;[(0, 7, 'B-TYPE')]
спрей для зеркал;[(0, 5, 'B-TYPE')]
конверт с вишней;[(0, 7, 'B-TYPE')]
иыйонез;[(0, 7, 'B-TYPE')]
томаты свежие;[(0, 6, 'B-TYPE'), (7, 13, 'B-TYPE')]
хлопья шарики;[(0, 6, 'B-TYPE'), (7, 13, 'B-TYPE')]
кукуруза;[(0, 8, 'B-TYPE')]
подсолнечное масло крас;[(0, 12, 'B-TYPE'), (13, 18, 'B-TYPE'), (19, 23, 'B-TYPE')]
кашкп;[(0, 5, 'B-TYPE')]
помиидор;[(0, 8, 'B-TYPE')]
арирам блинчики;[(0, 6, 'B-BRAND'), (7, 15, 'B-TYPE')]
марципан;[(0, 8, 'B-TYPE')]
колюоса;[(0, 7, 'B-TYPE')]
перец чёрный горошек;[(0, 5, 'B-TYPE'), (6, 12, 'B-TYPE'), (13, 20, 'B-TYPE')]
плавки te;[(0, 6, 'B-TYPE'), (7, 9, 'B-BRAND')]
груши;[(0, 5, 'B-TYPE')]
ambasador;[]
сухирики;[(0, 8, 'B-TYPE')]
морковчп;[(0, 8, 'B-TYPE')]
сахарй;[(0, 6, 'B-TYPE')]
мочник;[(0, 6, 'B-TYPE')]
соленья;[(0, 7, 'B-TYPE')]
kalgon;[(0, 6, 'B-BRAND')]
грецпфрут;[(0, 9, 'B-TYPE')]
иогуртн;[(0, 7, 'B-TYPE')]
приправа зира;[(0, 8, 'B-TYPE'), (9, 13, 'B-TYPE')]
рскийбискит;[]
чк ак;[]
кофе растворимый fresco;[(0, 4, 'B-TYPE'), (5, 16, 'B-TYPE'), (17, 23, 'B-BRAND')]
галеты petra;[(0, 6, 'B-TYPE'), (7, 12, 'B-BRAND')]
муравений;[(0, 9, 'B-TYPE')]
панамы призе;[(0, 6, 'B-TYPE'), (7, 12, 'B-BRAND')]
однораовыеплатки;[(0, 16, 'B-TYPE')]
варено-копченое сызра;[(0, 15, 'B-TYPE'), (16, 21, 'B-BRAND')]
болоньезк;[(0, 9, 'B-TYPE')]
паэлия;[(0, 6, 'B-TYPE')]
gree;[(0, 4, 'B-BRAND')]
балзам;[(0, 6, 'B-TYPE')]
влажные салфетки для детей;[(0, 7, 'B-TYPE'), (8, 16, 'B-TYPE')]
приправа прованские травы;[(0, 8, 'B-TYPE'), (9, 19, 'B-TYPE'), (20, 25, 'B-TYPE')]
кобинзон;[(0, 8, 'B-TYPE')]
грудин;[(0, 6, 'B-TYPE')]
бантик;[(0, 6, 'B-TYPE')]
салатнико;[(0, 9, 'B-TYPE')]
richa;[(0, 5, 'B-BRAND')]
фруктовые пюре;[(0, 9, 'B-TYPE'), (10, 14, 'B-TYPE')]
evo;[]
однразовы стаок;[(0, 9, 'B-TYPE'), (10, 15, 'B-TYPE')]
тостер mart;[(0, 6, 'B-TYPE'), (7, 11, 'B-BRAND')]
або конеты;[(4, 10, 'B-TYPE')]
мука;[(0, 4, 'B-TYPE')]
диски safir;[(0, 5, 'B-TYPE'), (6, 11, 'B-BRAND')]
отбелив;[(0, 7, 'B-TYPE')]
икра сельди;[(0, 4, 'B-TYPE'), (5, 11, 'B-TYPE')]
булочкиз;[(0, 8, 'B-TYPE')]
чипаы из печи;[(0, 5, 'B-TYPE')]
батон каравай;[(0, 5, 'B-TYPE'), (6, 13, 'B-TYPE')]
пулдинг;[(0, 7, 'B-TYPE')]
ilu;[(0, 3, 'B-BRAND')]
биг;[(0, 3, 'B-TYPE')]
птица див;[(0, 5, 'B-TYPE'), (6, 9, 'B-BRAND')]
посудное;[(0, 8, 'B-TYPE')]
влные;[(0, 5, 'B-TYPE')]
suar&pi;[(0, 7, 'B-BRAND')]
батончик с миндалем;[(0, 8, 'B-TYPE')]
курицы мирато;[(0, 6, 'B-TYPE'), (7, 13, 'B-BRAND')]
слабода;[(0, 7, 'B-TYPE')]
картофелем;[(0, 10, 'B-TYPE')]
краб;[(0, 4, 'B-TYPE')]
инкерман шампанск;[(0, 8, 'B-TYPE'), (9, 17, 'B-TYPE')]
тушка цып;[(0, 5, 'B-TYPE'), (6, 9, 'B-TYPE')]
бутылочки, поильники;[(0, 10, 'B-TYPE'), (11, 20, 'B-TYPE')]
халва petr;[(0, 5, 'B-TYPE'), (6, 10, 'B-BRAND')]
каша овсяные хлопья;[(0, 4, 'B-TYPE'), (5, 12, 'B-TYPE'), (13, 19, 'B-TYPE')]
картофдель;[(0, 10, 'B-TYPE')]
konri;[(0, 5, 'B-BRAND')]
эпиляторы;[(0, 9, 'B-TYPE')]
сметпн;[(0, 6, 'B-TYPE')]
сметанаю;[(0, 8, 'B-TYPE')]
клубни;[(0, 6, 'B-TYPE')]
сласти;[(0, 6, 'B-TYPE')]
семечки от ма;[(0, 7, 'B-TYPE')]
грунты, то;[(0, 7, 'B-TYPE'), (8, 10, 'B-TYPE')]
картофеля стм;[(0, 9, 'B-TYPE'), (10, 13, 'B-BRAND')]
иогурты;[(0, 7, 'B-TYPE')]
корм вла;[(0, 4, 'B-TYPE'), (5, 8, 'B-TYPE')]
вастэко завтр;[(0, 7, 'B-BRAND'), (8, 13, 'B-TYPE')]
малиной;[(0, 7, 'B-TYPE')]
herbar;[(0, 6, 'B-BRAND')]
перлов;[(0, 6, 'B-TYPE')]
индана;[(0, 6, 'B-TYPE')]
творог зерно;[(0, 6, 'B-TYPE'), (7, 12, 'B-TYPE')]
твородныц;[(0, 9, 'B-TYPE')]
коемол электричские;[(0, 6, 'B-BRAND'), (7, 19, 'B-TYPE')]
малина варенье;[(0, 6, 'B-BRAND'), (7, 14, 'B-TYPE')]
сосис. альмак;[(0, 6, 'B-TYPE'), (7, 13, 'B-BRAND')]
стакано;[(0, 7, 'B-TYPE')]
пищевой плен;[(0, 7, 'B-TYPE'), (8, 12, 'B-TYPE')]
бахрушин шп;[(0, 8, 'B-BRAND'), (9, 11, 'B-TYPE')]
cода;[(0, 4, 'B-TYPE')]
шарлиз халва;[(0, 6, 'B-BRAND'), (7, 12, 'B-TYPE')]
ромидоры;[(0, 8, 'B-TYPE')]
ли;[]
katty;[(0, 5, 'B-BRAND')]
мороженое со сгущёнкой;[(0, 9, 'B-TYPE')]
морс спелен;[(0, 4, 'B-TYPE'), (5, 11, 'B-BRAND')]
квасж;[(0, 5, 'B-TYPE')]
мюслиа;[(0, 6, 'B-TYPE')]
унга;[(0, 4, 'B-TYPE')]
молоко;[(0, 6, 'B-TYPE')]
оладьт;[(0, 6, 'B-TYPE')]
калбса;[]
булемен;[(0, 7, 'B-TYPE')]
сметанай;[(0, 8, 'B-TYPE')]
яцй;[(0, 3, 'B-TYPE')]
чай малина;[(0, 3, 'B-TYPE'), (4, 10, 'B-TYPE')]
фарш.;[(0, 5, 'B-TYPE')]
когсервы;[(0, 8, 'B-TYPE')]
йогуртп;[(0, 7, 'B-TYPE')]
саланки;[(0, 7, 'B-TYPE')]
фен tefa;[(0, 3, 'B-TYPE'), (4, 8, 'B-BRAND')]
морковки;[(0, 8, 'B-TYPE')]
чёрный чай;[(0, 6, 'B-TYPE'), (7, 10, 'B-TYPE')]
брынзв;[(0, 6, 'B-TYPE')]
спагеьти;[(0, 8, 'B-TYPE')]
шоколад кокос;[(0, 7, 'B-TYPE'), (8, 13, 'B-TYPE')]
альбомы brauber;[(0, 7, 'B-TYPE'), (8, 15, 'B-BRAND')]
gori;[(0, 4, 'B-BRAND')]
пшеноу;[(0, 6, 'B-TYPE')]
сала;[(0, 4, 'B-TYPE')]
зубные щетки;[(0, 6, 'B-TYPE'), (7, 12, 'B-TYPE')]
фасоль буздякск;[(0, 6, 'B-TYPE'), (7, 15, 'B-BRAND')]
колбасад;[(0, 8, 'B-TYPE')]
вишня мороз;[(0, 5, 'B-TYPE'), (6, 11, 'B-BRAND')]
сливочнок;[(0, 9, 'B-TYPE')]
вода красная ц;[(0, 4, 'B-TYPE'), (5, 12, 'B-TYPE'), (13, 14, 'B-TYPE')]
творог б.ю.александр;[(0, 6, 'B-TYPE'), (7, 20, 'B-BRAND')]
кисломолочная смесь;[(0, 13, 'B-TYPE'), (14, 19, 'B-TYPE')]
ra;[]
лобзик;[(0, 6, 'B-TYPE')]
печенье fazer;[(0, 7, 'B-TYPE'), (8, 13, 'B-BRAND')]
картофео;[(0, 8, 'B-TYPE')]
сырокопченно;[(0, 12, 'B-TYPE')]
кондиционер для бель;[(0, 11, 'B-TYPE')]
abs;[(0, 3, 'B-BRAND')]
утенок;[(0, 6, 'B-TYPE')]
растшка;[(0, 7, 'B-TYPE')]
сок грушевый;[(0, 3, 'B-TYPE'), (4, 12, 'B-TYPE')]
книжка ам ням;[(0, 6, 'B-TYPE')]
camamber;[(0, 8, 'B-BRAND')]
кртошка пюре быстрого приготовления;[(0, 7, 'B-TYPE'), (8, 12, 'B-TYPE'), (13, 21, 'B-TYPE'), (22, 35, 'B-TYPE')]
голубцы ski;[(0, 7, 'B-TYPE'), (8, 11, 'B-BRAND')]
сооус;[(0, 5, 'B-TYPE')]
jaguar;[(0, 6, 'B-BRAND')]
орео;[(0, 4, 'B-TYPE')]
молоко счастливое детство;[(0, 6, 'B-TYPE')]
лук¹;[(0, 4, 'B-TYPE')]
шокола;[(0, 6, 'B-TYPE')]
сердце;[(0, 6, 'B-TYPE')]
авангард батон;[(0, 8, 'B-BRAND'), (9, 14, 'B-TYPE')]
соломкой с солью;[(0, 8, 'B-TYPE')]
шейки;[(0, 5, 'B-TYPE')]
мини хлебцы;[(0, 4, 'B-TYPE'), (5, 11, 'B-TYPE')]
бутылочки, поильни;[(0, 10, 'B-TYPE'), (11, 18, 'B-TYPE')]
с апликаторо;[(0, 1, 'B-TYPE'), (2, 12, 'B-TYPE')]
йгулрт;[(0, 6, 'B-TYPE')]
горошек без добавления;[(0, 7, 'B-TYPE')]
чечевица!;[(0, 9, 'B-TYPE')]
сухарики с солью;[(0, 8, 'B-TYPE')]
медовое;[(0, 7, 'B-TYPE')]
аппетитеа;[(0, 9, 'B-TYPE')]
пирожегое;[(0, 9, 'B-TYPE')]
если стельки;[(5, 12, 'B-TYPE')]
календари м;[(0, 9, 'B-TYPE'), (10, 11, 'B-BRAND')]
миерал;[(0, 6, 'B-TYPE')]
овсяный;[(0, 7, 'B-TYPE')]
оарелка;[(0, 7, 'B-TYPE')]
туалетная бумага;[(0, 9, 'B-TYPE'), (10, 16, 'B-TYPE')]
kontik;[(0, 6, 'B-BRAND')]
иогу;[(0, 4, 'B-TYPE')]
ряжену;[(0, 6, 'B-TYPE')]
марожена;[(0, 8, 'B-TYPE')]
картофелтное;[(0, 12, 'B-TYPE')]
picnik;[(0, 6, 'B-BRAND')]
микс из орехов;[(0, 4, 'B-TYPE')]
нектар беллакт;[(0, 6, 'B-TYPE'), (7, 14, 'B-BRAND')]
освяное;[(0, 7, 'B-TYPE')]
тушка цыплёнка;[(0, 5, 'B-TYPE'), (6, 14, 'B-TYPE')]
палочка русалочка;[(0, 7, 'B-TYPE'), (8, 17, 'B-BRAND')]
шарлиз;[(0, 6, 'B-BRAND')]
детский порошок стиральный;[(0, 7, 'B-TYPE'), (8, 15, 'B-TYPE'), (16, 26, 'B-TYPE')]
зельне;[(0, 6, 'B-TYPE')]
средосво для посуды;[(0, 8, 'B-TYPE')]
штурвал шпрот;[(0, 7, 'B-BRAND'), (8, 13, 'B-TYPE')]
чалфетки для кухни;[(0, 8, 'B-TYPE')]
макаронц;[(0, 8, 'B-TYPE')]
милкт;[(0, 5, 'B-TYPE')]
babylox;[(0, 7, 'B-BRAND')]
огурцов;[(0, 7, 'B-TYPE')]
малоежку;[(0, 8, 'B-TYPE')]
чечнвица;[(0, 8, 'B-TYPE')]
яблокт;[(0, 6, 'B-TYPE')]
укропо;[(0, 6, 'B-TYPE')]
лук репча;[(0, 3, 'B-TYPE'), (4, 9, 'B-TYPE')]
отрубн;[(0, 6, 'B-TYPE')]
чблочный с мякотью;[(0, 8, 'B-TYPE')]
морковка;[(0, 8, 'B-TYPE')]
хлебушек;[(0, 8, 'B-TYPE')]
воздушные колечки;[(0, 9, 'B-TYPE'), (10, 17, 'B-TYPE')]
рисовое;[(0, 7, 'B-TYPE')]
сухая горчица;[(0, 5, 'B-TYPE'), (6, 13, 'B-TYPE')]
матча;[(0, 5, 'B-TYPE')]
сгущёно;[(0, 7, 'B-TYPE')]
желатин айдиго;[(0, 7, 'B-TYPE'), (8, 14, 'B-BRAND')]
морковь пе-корейски;[(0, 7, 'B-TYPE'), (8, 19, 'B-TYPE')]
чибупица;[(0, 8, 'B-TYPE')]
мороженое чистая лин;[(0, 9, 'B-TYPE'), (10, 16, 'B-BRAND'), (17, 20, 'B-BRAND')]
ийогурты;[(0, 8, 'B-TYPE')]
хле;[]
прованские;[(0, 10, 'B-TYPE')]
фаршю;[(0, 5, 'B-TYPE')]
творог зерновой;[(0, 6, 'B-TYPE'), (7, 15, 'B-TYPE')]
ristrett;[(0, 8, 'B-BRAND')]
гарчиц;[(0, 6, 'B-TYPE')]
twiz;[(0, 4, 'B-BRAND')]
фрэш;[(0, 4, 'B-BRAND')]
чиабата тобус;[(0, 7, 'B-TYPE'), (8, 13, 'B-BRAND')]
минтай в панировке;[(0, 6, 'B-TYPE')]
кровать;[(0, 7, 'B-TYPE')]
корку;[(0, 5, 'B-TYPE')]
апельсиновый сок 2 литра;[(0, 12, 'B-TYPE'), (13, 16, 'B-TYPE'), (17, 18, 'B-VOLUME'), (19, 24, 'B-VOLUME')]
подушечки nestl;[(0, 9, 'B-TYPE'), (10, 15, 'B-BRAND')]
перчатеи;[(0, 8, 'B-TYPE')]
garling коньяка;[(0, 7, 'B-BRAND'), (8, 15, 'B-TYPE')]
наггетсы куриные;[(0, 8, 'B-TYPE'), (9, 16, 'B-TYPE')]
пюрег;[(0, 5, 'B-TYPE')]
иогарт;[(0, 6, 'B-TYPE')]
мясные снеки;[(0, 6, 'B-TYPE'), (7, 12, 'B-TYPE')]
торты1;[(0, 6, 'B-TYPE')]
ол йс;[]
ряженув;[(0, 7, 'B-TYPE')]
мооковт;[(0, 7, 'B-TYPE')]
куриный суп;[(0, 7, 'B-TYPE'), (8, 11, 'B-TYPE')]
охлажденный;[(0, 11, 'B-TYPE')]
зонтик silv;[(0, 6, 'B-TYPE'), (7, 11, 'B-BRAND')]
плавленнвй;[(0, 10, 'B-TYPE')]
горчицы принт;[(0, 7, 'B-TYPE'), (8, 13, 'B-BRAND')]
булькн;[(0, 6, 'B-TYPE')]
herbariu;[(0, 8, 'B-BRAND')]
коллекция наволочки;[(0, 9, 'B-BRAND'), (10, 19, 'B-TYPE')]
пингвин скумбрия;[(0, 7, 'B-BRAND'), (8, 16, 'B-TYPE')]
йогрут питьевой;[(0, 6, 'B-TYPE'), (7, 15, 'B-TYPE')]
влажные салфетки антибактериальные;[(0, 7, 'B-TYPE'), (8, 16, 'B-TYPE'), (17, 34, 'B-TYPE')]
чашек;[(0, 5, 'B-TYPE')]
кофе нескафе гол;[(0, 4, 'B-TYPE'), (5, 12, 'B-BRAND'), (13, 16, 'B-BRAND')]
вмука;[]
мороженоем;[(0, 10, 'B-TYPE')]
коктейл;[(0, 7, 'B-TYPE')]
запеченна;[(0, 9, 'B-TYPE')]
льна;[(0, 4, 'B-TYPE')]
рыба в вакууме;[(0, 4, 'B-TYPE')]
сырок творожный с изюмом;[(0, 5, 'B-TYPE'), (6, 15, 'B-TYPE')]
череомлив;[(0, 9, 'B-TYPE')]
фольга для за;[(0, 6, 'B-TYPE')]
полотенцп;[(0, 9, 'B-TYPE')]
пашабахче тебе;[(0, 9, 'B-TYPE')]
glade диффуз;[(0, 5, 'B-BRAND'), (6, 12, 'B-TYPE')]
фруктов;[(0, 7, 'B-TYPE')]
птиним;[(0, 6, 'B-TYPE')]
подсвечники;[(0, 11, 'B-TYPE')]
зефир в грур;[(0, 5, 'B-TYPE')]
семечки солёные;[(0, 7, 'B-TYPE'), (8, 15, 'B-TYPE')]
кабачр;[(0, 6, 'B-TYPE')]
гель ля стирки;[(0, 4, 'B-TYPE')]
рыьба;[(0, 5, 'B-TYPE')]
отстеры;[(0, 7, 'B-TYPE')]
skittl;[(0, 6, 'B-BRAND')]
клеичатка;[(0, 9, 'B-TYPE')]
иолоко;[(0, 6, 'B-TYPE')]
тортики;[(0, 7, 'B-TYPE')]
exponeta;[(0, 8, 'B-BRAND')]
кол;[(0, 3, 'B-TYPE')]
homepet переноск;[(0, 7, 'B-BRAND'), (8, 16, 'B-TYPE')]
лечение вол;[(0, 7, 'B-TYPE'), (8, 11, 'B-TYPE')]
бурек;[(0, 5, 'B-TYPE')]
марожоное;[(0, 9, 'B-TYPE')]
мультифрук;[(0, 10, 'B-TYPE')]
мацарелл;[(0, 8, 'B-BRAND')]
джин nemiro;[(0, 4, 'B-TYPE'), (5, 11, 'B-BRAND')]
приправа чеснок;[(0, 8, 'B-TYPE'), (9, 15, 'B-TYPE')]
салыеткм;[(0, 8, 'B-TYPE')]
pemol;[(0, 5, 'B-BRAND')]
галант зонты;[(0, 6, 'B-BRAND'), (7, 12, 'B-TYPE')]
булки дом выпечки;[(0, 5, 'B-TYPE'), (6, 9, 'B-BRAND')]
радио-тлеефоны;[(0, 14, 'B-TYPE')]
порционные сливки;[(0, 10, 'B-TYPE'), (11, 17, 'B-TYPE')]
гранатов;[(0, 8, 'B-TYPE')]
laima крем;[(0, 5, 'B-BRAND'), (6, 10, 'B-TYPE')]
хлбе;[(0, 4, 'B-TYPE')]
огурцы по берли;[(0, 6, 'B-TYPE')]
творог обезжиренный;[(0, 6, 'B-TYPE'), (7, 19, 'B-TYPE')]
стаканн;[(0, 7, 'B-TYPE')]
вишня черешня;[(0, 5, 'B-TYPE'), (6, 13, 'B-TYPE')]
слада ири;[(0, 5, 'B-BRAND'), (6, 9, 'B-BRAND')]
сыр плавленные;[(0, 3, 'B-TYPE'), (4, 14, 'B-TYPE')]
гомогенизированны;[(0, 17, 'B-TYPE')]
облебиха;[(0, 8, 'B-TYPE')]
катык тольяттимолоко;[(0, 5, 'B-TYPE'), (6, 20, 'B-BRAND')]
маслинка;[(0, 8, 'B-TYPE')]
штрудич;[(0, 7, 'B-TYPE')]
злопья;[(0, 6, 'B-TYPE')]
протеинов;[(0, 9, 'B-TYPE')]
рафинат;[(0, 7, 'B-TYPE')]
макероны;[(0, 8, 'B-TYPE')]
ламша;[(0, 5, 'B-TYPE')]
чпй в пакетиках;[(0, 3, 'B-TYPE')]
окунь;[(0, 5, 'B-TYPE')]
окорочек;[(0, 8, 'B-TYPE')]
чеыйхлеб;[(0, 8, 'B-TYPE')]
салфетв;[(0, 7, 'B-TYPE')]
салат айс;[(0, 5, 'B-TYPE'), (6, 9, 'B-TYPE')]
chico;[(0, 5, 'B-BRAND')]
варенная;[(0, 8, 'B-TYPE')]
рис жасмин;[(0, 3, 'B-TYPE'), (4, 10, 'B-TYPE')]
зельцы;[(0, 6, 'B-TYPE')]
сырки гла;[(0, 5, 'B-TYPE'), (6, 9, 'B-TYPE')]
фрута;[(0, 5, 'B-TYPE')]
мороженое без саха;[(0, 9, 'B-TYPE')]
нигири;[(0, 6, 'B-TYPE')]
дрели-шуруповерты;[]
кесадилья;[(0, 9, 'B-TYPE')]
онигирих;[(0, 8, 'B-TYPE')]
приправа для ухуха;[(0, 8, 'B-TYPE')]
элитный;[(0, 7, 'B-TYPE')]
таорожки с малино;[(0, 8, 'B-TYPE')]
булугу;[(0, 6, 'B-TYPE')]
пустышки, сос;[(0, 9, 'B-TYPE'), (10, 13, 'B-TYPE')]
пеллмени;[(0, 8, 'B-TYPE')]
донисимо;[(0, 8, 'B-BRAND')]
заварной чайн;[(0, 8, 'B-TYPE'), (9, 13, 'B-TYPE')]
fenis-preznt;[(0, 12, 'B-TYPE')]
перрец;[(0, 6, 'B-TYPE')]
exxe порош;[(0, 4, 'B-BRAND'), (5, 10, 'B-TYPE')]
пдоовая;[(0, 7, 'B-TYPE')]
фотёграфии;[(0, 10, 'B-TYPE')]
кроха панам;[(0, 5, 'B-TYPE'), (6, 11, 'B-TYPE')]
arivall;[(0, 7, 'B-BRAND')]
кэефир;[(0, 6, 'B-TYPE')]
крекер с сыром;[(0, 6, 'B-TYPE')]
диски bodya;[(0, 5, 'B-TYPE'), (6, 11, 'B-BRAND')]
кетчуп чили;[(0, 6, 'B-TYPE'), (7, 11, 'B-TYPE')]
колбаску;[(0, 8, 'B-TYPE')]
mskhko;[(0, 6, 'B-BRAND')]
спички li;[(0, 6, 'B-TYPE'), (7, 9, 'B-BRAND')]
красок albi;[(0, 6, 'B-TYPE'), (7, 11, 'B-BRAND')]
тыквенны;[(0, 8, 'B-TYPE')]
торо;[(0, 4, 'B-TYPE')]
салатницы;[(0, 9, 'B-TYPE')]
красок albion;[(0, 6, 'B-TYPE'), (7, 13, 'B-BRAND')]
сыр сверхтвердый;[(0, 3, 'B-TYPE'), (4, 16, 'B-TYPE')]
кабачкавая;[(0, 10, 'B-TYPE')]
набор конфета;[(0, 5, 'B-TYPE'), (6, 13, 'B-TYPE')]
гречу;[(0, 5, 'B-TYPE')]
mission;[(0, 7, 'B-TYPE')]
кочено-запеченные;[(0, 17, 'B-TYPE')]
абрик;[(0, 5, 'B-TYPE')]
шпагети;[(0, 7, 'B-TYPE')]
makfa суф;[(0, 5, 'B-BRAND'), (6, 9, 'B-TYPE')]
кпеветки;[(0, 8, 'B-TYPE')]
seeberger чечевицы;[(0, 9, 'B-BRAND'), (10, 18, 'B-TYPE')]
шампунть;[(0, 8, 'B-TYPE')]
крнм для тела;[(0, 4, 'B-TYPE')]
тормыш;[(0, 6, 'B-TYPE')]
слабосоленный;[(0, 13, 'B-TYPE')]
порошок для выпечки;[(0, 7, 'B-TYPE')]
мороженое клубничное;[(0, 9, 'B-TYPE'), (10, 20, 'B-TYPE')]
сгежка;[(0, 6, 'B-TYPE')]
слиыочный;[(0, 9, 'B-TYPE')]
бездрождевой;[(0, 12, 'B-TYPE')]
моцарелла шарики;[(0, 9, 'B-TYPE'), (10, 16, 'B-BRAND')]
наполритель;[(0, 11, 'B-TYPE')]
овсянач;[(0, 7, 'B-TYPE')]
нжо;[(0, 3, 'B-BRAND')]
квас vasileosrovsko;[(0, 4, 'B-TYPE'), (5, 19, 'B-BRAND')]
спира;[(0, 5, 'B-TYPE')]
спаггетти;[(0, 9, 'B-TYPE')]
пр!ст гигиеническ;[(0, 5, 'B-BRAND'), (6, 17, 'B-TYPE')]
степлера iceberg;[(0, 8, 'B-TYPE'), (9, 16, 'B-BRAND')]
минералкп;[(0, 9, 'B-TYPE')]
бальзамичнский;[(0, 14, 'B-TYPE')]
урахмал;[(0, 7, 'B-TYPE')]
помидоре;[(0, 8, 'B-TYPE')]
югурт;[(0, 5, 'B-TYPE')]
огруроец;[(0, 8, 'B-TYPE')]
туплетна;[(0, 8, 'B-TYPE')]
апьбомов;[(0, 8, 'B-TYPE')]
рулон бумажных поло;[(0, 5, 'B-TYPE'), (6, 14, 'B-TYPE'), (15, 19, 'B-BRAND')]
разрыхлительн;[(0, 13, 'B-TYPE')]
выпечка;[(0, 7, 'B-TYPE')]
боржом в стекле;[(0, 6, 'B-TYPE')]
ватрушкп;[(0, 8, 'B-TYPE')]
cea;[]
пюре тыква;[(0, 4, 'B-TYPE'), (5, 10, 'B-TYPE')]
напиток сокосодержащий;[(0, 7, 'B-TYPE'), (8, 22, 'B-TYPE')]
дягтярное;[]
sneg положи;[]
яблочки производст;[(0, 7, 'B-TYPE'), (8, 18, 'B-BRAND')]
сырыплаленны;[(0, 12, 'B-TYPE')]
круассан лим;[(0, 8, 'B-TYPE'), (9, 12, 'B-BRAND')]
rti;[(0, 3, 'B-BRAND')]
злеб белый;[(0, 4, 'B-TYPE'), (5, 10, 'B-TYPE')]
икра с копченным;[(0, 4, 'B-TYPE')]
творог обе;[(0, 6, 'B-TYPE'), (7, 10, 'B-BRAND')]
neomoloko;[(0, 9, 'B-BRAND')]
икр;[(0, 3, 'B-TYPE')]
перч;[(0, 4, 'B-TYPE')]
пирожкное;[(0, 9, 'B-TYPE')]
хлебница;[(0, 8, 'B-TYPE')]
сахаре;[(0, 6, 'B-TYPE')]
макараны;[(0, 8, 'B-TYPE')]
гольфы orodoro;[(0, 6, 'B-TYPE'), (7, 14, 'B-BRAND')]
зубные пасты;[(0, 6, 'B-TYPE'), (7, 12, 'B-TYPE')]
вода святой источник 5л;[(0, 4, 'B-TYPE'), (5, 11, 'B-BRAND'), (12, 20, 'B-BRAND'), (21, 23, 'B-VOLUME')]
кровяные миратор;[(0, 8, 'B-TYPE'), (9, 16, 'B-BRAND')]
хлебх;[(0, 5, 'B-TYPE')]
туалет для кота;[(0, 6, 'B-TYPE')]
баклажан тенд;[(0, 8, 'B-TYPE'), (9, 13, 'B-BRAND')]
bradex мяч;[(0, 6, 'B-BRAND'), (7, 10, 'B-TYPE')]
набор чайны;[(0, 5, 'B-TYPE'), (6, 11, 'B-TYPE')]
огурцы марино;[(0, 6, 'B-TYPE'), (7, 13, 'B-TYPE')]
кока;[(0, 4, 'B-TYPE')]
печенье чайное;[(0, 7, 'B-TYPE'), (8, 14, 'B-TYPE')]
томаттная;[(0, 9, 'B-TYPE')]
макароны baisad рожки;[(0, 8, 'B-TYPE'), (9, 15, 'B-TYPE')]
скумбртя;[(0, 8, 'B-TYPE')]
пакеты для заморозки;[(0, 6, 'B-TYPE')]
коньяк остро;[(0, 6, 'B-TYPE'), (7, 12, 'B-TYPE')]
масло золотая семеска;[(0, 5, 'B-TYPE'), (6, 13, 'B-BRAND'), (14, 21, 'B-BRAND')]
томаты тертые;[(0, 6, 'B-TYPE'), (7, 13, 'B-TYPE')]
свечи;[(0, 5, 'B-TYPE')]
алреналин;[(0, 9, 'B-BRAND')]
кисель айди;[(0, 6, 'B-TYPE'), (7, 11, 'B-BRAND')]
римблок;[(0, 7, 'B-TYPE')]
кокиейль;[(0, 8, 'B-TYPE')]
кусковой мистрал;[(0, 8, 'B-TYPE'), (9, 16, 'B-BRAND')]
laumon;[(0, 6, 'B-BRAND')]
пельмени абсолют(мясо;[(0, 8, 'B-TYPE'), (9, 21, 'B-BRAND')]
кукуруза ромашкин;[(0, 8, 'B-TYPE'), (9, 17, 'B-BRAND')]
рафина;[(0, 6, 'B-TYPE')]
туалетлная;[(0, 10, 'B-TYPE')]
картофель с приправой;[(0, 9, 'B-TYPE')]
disney зефи;[(0, 6, 'B-BRAND'), (7, 11, 'B-TYPE')]
пирожное картошка;[(0, 8, 'B-TYPE'), (9, 17, 'B-TYPE')]
нагревательные элемент;[(0, 14, 'B-TYPE'), (15, 22, 'B-TYPE')]
желудкм;[(0, 7, 'B-TYPE')]
приправа к курице;[(0, 8, 'B-TYPE')]
шампунт;[(0, 7, 'B-TYPE')]
безлактозн;[(0, 10, 'B-TYPE')]
бутерб;[(0, 6, 'B-TYPE')]
бургерные;[(0, 9, 'B-TYPE')]
оломо;[(0, 5, 'B-TYPE')]
соус терияки;[(0, 4, 'B-TYPE'), (5, 12, 'B-TYPE')]
десерт чудо;[(0, 6, 'B-TYPE'), (7, 11, 'B-BRAND')]
приправа доя картошки;[(0, 8, 'B-TYPE')]
морковьг;[(0, 8, 'B-TYPE')]
рис золо;[(0, 3, 'B-TYPE'), (4, 8, 'B-TYPE')]
фейхао;[(0, 6, 'B-TYPE')]
таорожная;[(0, 9, 'B-TYPE')]
чернослиа;[(0, 9, 'B-TYPE')]
слоеный;[(0, 7, 'B-TYPE')]
тресемме;[(0, 8, 'B-TYPE')]
пустышка соски;[(0, 8, 'B-TYPE'), (9, 14, 'B-TYPE')]
соки ric;[(0, 4, 'B-TYPE'), (5, 8, 'B-BRAND')]
наггетсы сызра;[(0, 8, 'B-TYPE'), (9, 14, 'B-BRAND')]
пирожные акко;[(0, 8, 'B-TYPE'), (9, 13, 'B-BRAND')]
сухарики гренки;[(0, 8, 'B-TYPE'), (9, 15, 'B-TYPE')]
рис для рлова;[(0, 3, 'B-TYPE')]
ржаное;[(0, 6, 'B-TYPE')]
супо;[(0, 4, 'B-TYPE')]
перец.;[(0, 6, 'B-TYPE')]
гкй со;[]
бальзам для губ;[(0, 7, 'B-TYPE')]
улун;[(0, 4, 'B-TYPE')]
blonde;[]
ванили производство;[(0, 6, 'B-TYPE'), (7, 19, 'B-BRAND')]
хлбэебцы;[(0, 8, 'B-TYPE')]
сок сады придонья 1л;[(0, 3, 'B-TYPE'), (4, 8, 'B-BRAND'), (9, 17, 'B-BRAND'), (18, 20, 'B-VOLUME')]
хлеб заварной;[(0, 4, 'B-TYPE'), (5, 13, 'B-TYPE')]
солусы;[(0, 6, 'B-TYPE')]
атрус студни;[(0, 5, 'B-BRAND'), (6, 12, 'B-TYPE')]
говядиныхлаждены;[]
йодированная соль;[(0, 12, 'B-TYPE'), (13, 17, 'B-TYPE')]
чйцо;[(0, 4, 'B-TYPE')]
кастрьюли;[(0, 9, 'B-TYPE')]
шогурт;[(0, 6, 'B-TYPE')]
мафйонез;[(0, 8, 'B-TYPE')]
сахарозамените;[(0, 14, 'B-TYPE')]
вода большой обьем;[(0, 4, 'B-TYPE')]
сфвекла;[(0, 7, 'B-TYPE')]
тгурцы;[(0, 6, 'B-TYPE')]
шипонвник;[(0, 9, 'B-TYPE')]
спички lio;[(0, 6, 'B-TYPE'), (7, 10, 'B-BRAND')]
салатв;[(0, 6, 'B-TYPE')]
свекла в упаковке;[(0, 6, 'B-TYPE')]
мандариновый;[(0, 12, 'B-TYPE')]
фасоль eco;[(0, 6, 'B-TYPE'), (7, 10, 'B-BRAND')]
петрушка клеве;[(0, 8, 'B-TYPE'), (9, 14, 'B-BRAND')]
kitty;[(0, 5, 'B-BRAND')]
сушенный чеснок;[(0, 8, 'B-TYPE'), (9, 15, 'B-TYPE')]
морепродукты в масте;[(0, 12, 'B-TYPE')]
пакеты для прод;[(0, 6, 'B-TYPE')]
пийца;[(0, 5, 'B-TYPE')]
станое;[(0, 6, 'B-TYPE')]
бронди;[(0, 6, 'B-TYPE')]
корм суп;[(0, 4, 'B-TYPE'), (5, 8, 'B-TYPE')]
теалетная;[(0, 9, 'B-TYPE')]
grondard конфе;[(0, 8, 'B-BRAND'), (9, 14, 'B-TYPE')]
пятновыводители, отбеливате;[(0, 16, 'B-TYPE'), (17, 27, 'B-TYPE')]
утеное;[]
дошиокк;[(0, 7, 'B-TYPE')]
массло;[(0, 6, 'B-TYPE')]
слажные;[(0, 7, 'B-TYPE')]
трапеза тимья;[(0, 7, 'B-BRAND'), (8, 13, 'B-TYPE')]
клюк;[(0, 4, 'B-TYPE')]
кола без с;[(0, 4, 'B-TYPE')]
seasons журналы;[(0, 7, 'B-BRAND'), (8, 15, 'B-TYPE')]
ванили;[(0, 6, 'B-TYPE')]
гранулах ba;[(0, 8, 'B-TYPE'), (9, 11, 'B-BRAND')]
льняная;[(0, 7, 'B-TYPE')]
перепел;[(0, 7, 'B-TYPE')]
сливки питьевы;[(0, 6, 'B-TYPE'), (7, 14, 'B-TYPE')]
водка iceberg;[(0, 5, 'B-TYPE'), (6, 13, 'B-BRAND')]
паниро;[(0, 6, 'B-TYPE')]
лемешка;[(0, 7, 'B-TYPE')]
авакадо;[(0, 7, 'B-TYPE')]
пресованные;[(0, 11, 'B-TYPE')]
торты хелл;[(0, 5, 'B-TYPE'), (6, 10, 'B-TYPE')]
bang;[]
hatber степл;[(0, 6, 'B-BRAND'), (7, 12, 'B-TYPE')]
пироженные;[(0, 10, 'B-TYPE')]
мснка;[(0, 5, 'B-TYPE')]
желейные конфеты;[(0, 8, 'B-TYPE'), (9, 16, 'B-TYPE')]
мешки для мцмора;[(0, 5, 'B-TYPE')]
шпикачки в;[(0, 8, 'B-TYPE'), (9, 10, 'B-BRAND')]
блинчика;[(0, 8, 'B-TYPE')]
клевер петруш;[(0, 6, 'B-BRAND'), (7, 13, 'B-TYPE')]
сердечко;[(0, 8, 'B-TYPE')]
крупы гречнев;[(0, 5, 'B-TYPE'), (6, 13, 'B-TYPE')]
соус для барбекю;[(0, 4, 'B-TYPE')]
копчёная рыба;[(0, 8, 'B-TYPE'), (9, 13, 'B-TYPE')]
виногд;[(0, 6, 'B-TYPE')]
zootman;[(0, 7, 'B-BRAND')]
для моркови по корейски;[(4, 11, 'B-TYPE')]
спедство;[(0, 8, 'B-TYPE')]
геркулесва;[(0, 10, 'B-TYPE')]
пинецет;[(0, 7, 'B-TYPE')]
семачкм;[(0, 7, 'B-TYPE')]
доск;[]
картофелб;[(0, 9, 'B-TYPE')]
ручкa;[(0, 5, 'B-TYPE')]
сальчин;[(0, 7, 'B-TYPE')]
пемолк;[(0, 6, 'B-TYPE')]
кундут;[]
ватеые;[(0, 6, 'B-TYPE')]
пицца охлажденная;[(0, 5, 'B-TYPE'), (6, 17, 'B-TYPE')]
обложек actio;[(0, 7, 'B-TYPE'), (8, 13, 'B-BRAND')]
пуди;[(0, 4, 'B-TYPE')]
косметички;[(0, 10, 'B-TYPE')]
мороженон;[(0, 9, 'B-TYPE')]
паэльы;[(0, 6, 'B-TYPE')]
помилр;[(0, 6, 'B-TYPE')]
грибн;[(0, 5, 'B-TYPE')]
гречкк;[(0, 6, 'B-TYPE')]
тушеная;[(0, 7, 'B-TYPE')]
помидп;[(0, 6, 'B-TYPE')]
карнишон;[(0, 8, 'B-TYPE')]
чай черный листовой;[(0, 3, 'B-TYPE'), (4, 10, 'B-TYPE')]
каша bistr;[(0, 4, 'B-TYPE'), (5, 10, 'B-BRAND')]
фильтры, кувшины;[(0, 8, 'B-TYPE'), (9, 16, 'B-TYPE')]
astor;[]
жвкчка;[(0, 6, 'B-TYPE')]
никольск голубц;[(0, 8, 'B-BRAND'), (9, 15, 'B-TYPE')]
coconu;[(0, 6, 'B-BRAND')]
пюре быстрого;[(0, 4, 'B-TYPE'), (5, 13, 'B-TYPE')]
погремушек симб;[(0, 10, 'B-TYPE'), (11, 15, 'B-BRAND')]
cool;[]
соус для гамбургер;[(0, 4, 'B-TYPE')]
крекер рыбки;[(0, 6, 'B-TYPE'), (7, 12, 'B-TYPE')]
паэлля;[(0, 6, 'B-TYPE')]
туален;[(0, 6, 'B-TYPE')]
велотренажеры;[(0, 13, 'B-TYPE')]
вибромассаже;[(0, 12, 'B-TYPE')]
шоколадю;[(0, 8, 'B-TYPE')]
sortex одеяла;[(0, 6, 'B-BRAND'), (7, 13, 'B-TYPE')]
энргетики;[(0, 9, 'B-TYPE')]
эклеры arkhangel'skkhleb;[(0, 6, 'B-TYPE'), (7, 24, 'B-BRAND')]
соленые помидоры;[(0, 7, 'B-TYPE'), (8, 16, 'B-TYPE')]
yax суф;[(0, 3, 'B-BRAND'), (4, 7, 'B-TYPE')]
фрути;[(0, 5, 'B-BRAND')]
ссыр;[(0, 4, 'B-TYPE')]
черноголовка караме;[(0, 12, 'B-BRAND'), (13, 19, 'B-TYPE')]
корм для стеризованных;[(0, 4, 'B-TYPE')]
хуртка;[(0, 6, 'B-TYPE')]
ванили производств;[(0, 6, 'B-TYPE'), (7, 18, 'B-BRAND')]
гречка по купече;[(0, 6, 'B-TYPE')]
тетрадб;[(0, 7, 'B-TYPE')]
мвндарин;[(0, 8, 'B-TYPE')]
мороожено;[(0, 9, 'B-TYPE')]
гооени;[(0, 6, 'B-TYPE')]
мвйоонез;[(0, 8, 'B-TYPE')]
стэйк;[(0, 5, 'B-TYPE')]
матна;[(0, 5, 'B-TYPE')]
канцелярские набор;[(0, 12, 'B-TYPE'), (13, 18, 'B-TYPE')]
колобки;[(0, 7, 'B-TYPE')]
нут ярмар;[(0, 3, 'B-TYPE'), (4, 9, 'B-BRAND')]
паста арахисовая;[(0, 5, 'B-TYPE'), (6, 16, 'B-TYPE')]
тортидья;[(0, 8, 'B-TYPE')]
салетки;[(0, 7, 'B-TYPE')]
овощное пюре;[(0, 7, 'B-TYPE'), (8, 12, 'B-TYPE')]
латте;[(0, 5, 'B-BRAND')]
майонезеый;[(0, 10, 'B-TYPE')]
luxus спр;[(0, 5, 'B-TYPE'), (6, 9, 'B-TYPE')]
виталэнд оливк;[(0, 8, 'B-BRAND'), (9, 14, 'B-TYPE')]
приправа красная цена;[(0, 8, 'B-TYPE'), (9, 16, 'B-BRAND'), (17, 21, 'B-BRAND')]
бюстгальтера burles;[(0, 12, 'B-TYPE'), (13, 19, 'B-BRAND')]
usda;[]
груши papadimitri;[(0, 5, 'B-TYPE'), (6, 17, 'B-BRAND')]
протеиновый батончик;[(0, 11, 'B-TYPE'), (12, 20, 'B-TYPE')]
свекоа;[(0, 6, 'B-TYPE')]
рулеты черемушки;[(0, 6, 'B-TYPE'), (7, 16, 'B-BRAND')]
бумажная скатер;[(0, 8, 'B-TYPE'), (9, 15, 'B-TYPE')]
манго;[(0, 5, 'B-TYPE')]
допатка;[(0, 7, 'B-TYPE')]
пряниики;[(0, 8, 'B-TYPE')]
хлебцы без глютена;[(0, 6, 'B-TYPE')]
ражки;[(0, 5, 'B-TYPE')]
сосисок;[(0, 7, 'B-TYPE')]
брокколт;[(0, 8, 'B-TYPE')]
турновер;[(0, 8, 'B-TYPE')]
для мытья посу;[]
черный чай;[(0, 6, 'B-TYPE'), (7, 10, 'B-TYPE')]
криветка;[(0, 8, 'B-TYPE')]
eclipc;[]
минт;[(0, 4, 'B-TYPE')]
картофель замороженный;[(0, 9, 'B-TYPE'), (10, 22, 'B-TYPE')]
тмин kami;[(0, 4, 'B-TYPE'), (5, 9, 'B-BRAND')]
вода святой источник;[(0, 4, 'B-TYPE'), (5, 11, 'B-BRAND'), (12, 20, 'B-BRAND')]
персиков;[(0, 8, 'B-TYPE')]
доьродея;[]
пельсен;[(0, 7, 'B-TYPE')]
колбоска;[(0, 8, 'B-TYPE')]
колбвски;[(0, 8, 'B-TYPE')]
щетки salt;[(0, 5, 'B-TYPE'), (6, 10, 'B-BRAND')]
сладки;[(0, 6, 'B-TYPE')]
длительного хранен;[(0, 11, 'B-TYPE'), (12, 18, 'B-TYPE')]
чаха;[(0, 4, 'B-TYPE')]
тушеная говядина;[(0, 7, 'B-TYPE'), (8, 16, 'B-TYPE')]
мюсли ro;[(0, 5, 'B-TYPE'), (6, 8, 'B-BRAND')]
крюшон;[(0, 6, 'B-TYPE')]
гренка fishka;[(0, 6, 'B-TYPE'), (7, 13, 'B-BRAND')]
конфеты вкус и польза;[(0, 7, 'B-TYPE'), (8, 12, 'B-BRAND'), (13, 14, 'B-BRAND'), (15, 21, 'B-BRAND')]
творжный сыр;[(0, 8, 'B-TYPE'), (9, 12, 'B-TYPE')]
сесевица;[(0, 8, 'B-TYPE')]
страчателла;[(0, 11, 'B-BRAND')]
падочки;[(0, 7, 'B-TYPE')]
хлеб рижский;[(0, 4, 'B-TYPE'), (5, 12, 'B-TYPE')]
сгоны umbra;[(0, 5, 'B-TYPE'), (6, 11, 'B-BRAND')]
росинка с вишней;[(0, 7, 'B-TYPE')]
припава для картофеля;[(0, 7, 'B-TYPE')]
гречневая лапша;[(0, 9, 'B-TYPE'), (10, 15, 'B-TYPE')]
индейка ветчина;[(0, 7, 'B-TYPE'), (8, 15, 'B-TYPE')]
чудо йогурт;[(0, 4, 'B-TYPE'), (5, 11, 'B-TYPE')]
крабовые пало;[(0, 8, 'B-TYPE'), (9, 13, 'B-TYPE')]
томатная паста астраханская;[(0, 8, 'B-TYPE'), (9, 14, 'B-TYPE'), (15, 27, 'B-BRAND')]
ояженка;[(0, 7, 'B-TYPE')]
булрчка доя гамбургера;[(0, 7, 'B-TYPE')]
наволочки jardin;[(0, 9, 'B-TYPE'), (10, 16, 'B-BRAND')]
корм сухой;[(0, 4, 'B-TYPE'), (5, 10, 'B-TYPE')]
рыба красная;[(0, 4, 'B-TYPE'), (5, 12, 'B-TYPE')]
шоколадные вафли;[(0, 10, 'B-TYPE'), (11, 16, 'B-TYPE')]
альбом с игрой ам;[(0, 6, 'B-TYPE')]
дрова;[(0, 5, 'B-TYPE')]
корм сухой для кострированых;[(0, 4, 'B-TYPE'), (5, 10, 'B-TYPE')]
кунгурское;[(0, 10, 'B-BRAND')]
чипсы соломка;[(0, 5, 'B-TYPE'), (6, 13, 'B-TYPE')]
ращрыхлитель;[]
творожки.;[(0, 9, 'B-TYPE')]
капуста цветна;[(0, 7, 'B-TYPE'), (8, 14, 'B-TYPE')]
baril;[(0, 5, 'B-BRAND')]
сундучок;[(0, 8, 'B-TYPE')]
кичель;[(0, 6, 'B-TYPE')]
super;[]
жобрый;[]
запеканкан;[(0, 10, 'B-TYPE')]
копчёные ребра;[(0, 8, 'B-TYPE'), (9, 14, 'B-TYPE')]
агрокомплекс горчицы;[(0, 12, 'B-BRAND'), (13, 20, 'B-TYPE')]
нектр;[(0, 5, 'B-TYPE')]
бедра куринные;[(0, 5, 'B-TYPE'), (6, 14, 'B-TYPE')]
рогалики хлебпр;[(0, 8, 'B-TYPE'), (9, 15, 'B-BRAND')]
крмассан;[(0, 8, 'B-TYPE')]
тунець;[(0, 6, 'B-TYPE')]
цисташки;[(0, 8, 'B-TYPE')]
горчичныйу;[(0, 10, 'B-TYPE')]
вяленый оке;[(0, 7, 'B-TYPE'), (8, 11, 'B-BRAND')]
kote;[(0, 4, 'B-BRAND')]
vellie;[(0, 6, 'B-TYPE')]
lavazz;[(0, 6, 'B-BRAND')]
тыква fres;[(0, 5, 'B-TYPE'), (6, 10, 'B-BRAND')]
аврено-копченые;[(0, 15, 'B-TYPE')]
карамель dendy candy;[(0, 8, 'B-TYPE'), (9, 14, 'B-BRAND'), (15, 20, 'B-BRAND')]
альпинг;[(0, 7, 'B-BRAND')]
платочки;[(0, 8, 'B-TYPE')]
t-rex;[(0, 5, 'B-BRAND')]
колбаса стародворская;[(0, 7, 'B-TYPE'), (8, 21, 'B-TYPE')]
гелиос-м варено-копчены;[(0, 8, 'B-BRAND'), (9, 23, 'B-TYPE')]
очиститель salton;[(0, 10, 'B-TYPE'), (11, 17, 'B-BRAND')]
саленой;[(0, 7, 'B-TYPE')]
коровка из кореновк;[(0, 7, 'B-BRAND'), (8, 10, 'B-BRAND'), (11, 19, 'B-BRAND')]
зерненыц;[(0, 8, 'B-TYPE')]
панамы insoli;[(0, 6, 'B-TYPE'), (7, 13, 'B-BRAND')]
шоколадно-;[(0, 10, 'B-TYPE')]
пирожкные;[(0, 9, 'B-TYPE')]
сливного;[(0, 8, 'B-TYPE')]
цыпленок в соку;[(0, 8, 'B-TYPE')]
violla;[(0, 6, 'B-TYPE')]
хлеб батон;[(0, 4, 'B-TYPE'), (5, 10, 'B-TYPE')]
черешню;[(0, 7, 'B-TYPE')]
специи для крылышек;[(0, 6, 'B-TYPE')]
мак кофе;[(0, 3, 'B-TYPE'), (4, 8, 'B-TYPE')]
газоровка;[(0, 9, 'B-BRAND')]
кетчут;[(0, 6, 'B-TYPE')]
рисовый уксус;[(0, 7, 'B-TYPE'), (8, 13, 'B-TYPE')]
безглютенова;[(0, 12, 'B-TYPE')]
свкус;[(0, 5, 'B-TYPE')]
прочие фруктов;[(0, 6, 'B-TYPE'), (7, 14, 'B-TYPE')]
донаьы;[]
булрчка;[(0, 7, 'B-TYPE')]
влажная туалетная;[(0, 7, 'B-TYPE'), (8, 17, 'B-TYPE')]
велосипед;[(0, 9, 'B-TYPE')]
жидкость для мытья пос;[(0, 8, 'B-TYPE')]
пакеты для буте;[(0, 6, 'B-TYPE')]
сок тонус;[(0, 3, 'B-TYPE'), (4, 9, 'B-BRAND')]
горбуш;[(0, 6, 'B-TYPE')]
котлелы;[(0, 7, 'B-TYPE')]
протеиновое;[(0, 11, 'B-TYPE')]
золотой рог;[(0, 7, 'B-BRAND'), (8, 11, 'B-BRAND')]
зкленый;[(0, 7, 'B-TYPE')]
протвень;[(0, 8, 'B-TYPE')]
копченая куриная грудка;[(0, 8, 'B-TYPE'), (9, 16, 'B-TYPE'), (17, 23, 'B-TYPE')]
пелееки;[(0, 7, 'B-TYPE')]
пат срная;[(0, 3, 'B-TYPE'), (4, 9, 'B-TYPE')]
туалетеая бумага;[(0, 9, 'B-TYPE'), (10, 16, 'B-TYPE')]
напиток чайный вкус;[(0, 7, 'B-TYPE'), (8, 14, 'B-TYPE')]
ополаскиватель aquariu;[(0, 14, 'B-TYPE'), (15, 22, 'B-BRAND')]
киьекет;[(0, 7, 'B-TYPE')]
mol;[]
карандащей;[(0, 10, 'B-TYPE')]
ойоурт;[(0, 6, 'B-TYPE')]
five;[]
доместо;[(0, 7, 'B-BRAND')]
блинчиик;[(0, 8, 'B-TYPE')]
хлеб ремесленный;[(0, 4, 'B-TYPE'), (5, 16, 'B-TYPE')]
курса;[(0, 5, 'B-TYPE')]
голубцы ски;[(0, 7, 'B-TYPE'), (8, 11, 'B-BRAND')]
брокколи;[(0, 8, 'B-TYPE')]
короб;[(0, 5, 'B-TYPE')]
фужеры, бока;[(0, 7, 'B-TYPE'), (8, 12, 'B-TYPE')]
деодарант;[(0, 9, 'B-TYPE')]
броколи;[(0, 7, 'B-TYPE')]
сахарная;[(0, 8, 'B-TYPE')]
туалетныя;[(0, 9, 'B-TYPE')]
сухарик;[(0, 7, 'B-TYPE')]
перец острый молотый;[(0, 5, 'B-TYPE'), (6, 12, 'B-TYPE'), (13, 20, 'B-TYPE')]
полик для одежды;[(0, 5, 'B-TYPE')]
сагуны холодец;[(0, 6, 'B-BRAND'), (7, 14, 'B-TYPE')]
ванильны;[(0, 8, 'B-TYPE')]
грап;[(0, 4, 'B-TYPE')]
греча;[(0, 5, 'B-TYPE')]
гель проч;[(0, 4, 'B-TYPE'), (5, 9, 'B-TYPE')]
варено-кочпено;[(0, 14, 'B-TYPE')]
твородкный;[(0, 10, 'B-TYPE')]
сода пищевая;[(0, 4, 'B-TYPE'), (5, 12, 'B-TYPE')]
иогурты с ша;[(0, 7, 'B-TYPE')]
вяленна;[(0, 7, 'B-TYPE')]
дезадорант;[(0, 10, 'B-TYPE')]
мистраль р;[(0, 8, 'B-BRAND'), (9, 10, 'B-TYPE')]
энергический;[(0, 12, 'B-TYPE')]
грудинка;[(0, 8, 'B-TYPE')]
чемночный;[(0, 9, 'B-TYPE')]
книг;[(0, 4, 'B-TYPE')]
вода нарзан;[(0, 4, 'B-TYPE'), (5, 11, 'B-BRAND')]
творожок с малиной;[(0, 8, 'B-TYPE')]
куриные грудки;[(0, 7, 'B-TYPE'), (8, 14, 'B-TYPE')]
снмячки;[(0, 7, 'B-TYPE')]
беэатон;[(0, 7, 'B-TYPE')]
липецкая вода гизированная;[(0, 8, 'B-TYPE'), (9, 13, 'B-TYPE'), (14, 26, 'B-TYPE')]
коь;[(0, 3, 'B-TYPE')]
обложк;[(0, 6, 'B-TYPE')]
творобкшки;[(0, 10, 'B-TYPE')]
хлеб батон черемушки;[(0, 4, 'B-TYPE'), (5, 10, 'B-TYPE'), (11, 20, 'B-BRAND')]
дрощжи;[(0, 6, 'B-TYPE')]
масло растительно;[(0, 5, 'B-TYPE'), (6, 17, 'B-TYPE')]
сндвич;[(0, 6, 'B-TYPE')]
жидкость для сосуды;[(0, 8, 'B-TYPE')]
носк;[]
почи;[(0, 4, 'B-TYPE')]
коврижка;[(0, 8, 'B-TYPE')]
манга;[(0, 5, 'B-TYPE')]
поводок tri;[(0, 7, 'B-TYPE'), (8, 11, 'B-BRAND')]
пакеты ля мусора;[(0, 6, 'B-TYPE')]
дэмка паштето;[(0, 5, 'B-BRAND'), (6, 13, 'B-TYPE')]
сардельки унипро;[(0, 9, 'B-TYPE'), (10, 16, 'B-BRAND')]
tolli;[(0, 5, 'B-TYPE')]
сдобные палочки;[(0, 7, 'B-TYPE'), (8, 15, 'B-TYPE')]
коржйк;[(0, 6, 'B-TYPE')]
моср;[]
льеные;[(0, 6, 'B-TYPE')]
специи для гречки;[(0, 6, 'B-TYPE')]
силикогелевый;[(0, 13, 'B-TYPE')]
гранот;[(0, 6, 'B-TYPE')]
рис увелка для плова;[(0, 3, 'B-TYPE'), (4, 10, 'B-BRAND')]
спагеттнни;[(0, 10, 'B-TYPE')]
аиан;[]
русалочка губ;[(0, 9, 'B-BRAND'), (10, 13, 'B-TYPE')]
овощное пюр;[(0, 7, 'B-TYPE'), (8, 11, 'B-TYPE')]
куркум;[(0, 6, 'B-TYPE')]
мороженое лёд;[(0, 9, 'B-TYPE'), (10, 13, 'B-TYPE')]
мультфрукт;[(0, 10, 'B-TYPE')]
гречневая крупа;[(0, 9, 'B-TYPE'), (10, 15, 'B-TYPE')]
соленые corrado;[(0, 7, 'B-TYPE'), (8, 15, 'B-BRAND')]
щампунь;[(0, 7, 'B-TYPE')]
кексый;[(0, 6, 'B-TYPE')]
огурцы маринованнын;[(0, 6, 'B-TYPE'), (7, 19, 'B-TYPE')]
минерака;[(0, 8, 'B-TYPE')]
pulseu;[(0, 6, 'B-TYPE')]
сбитень;[(0, 7, 'B-TYPE')]
скумбрияя;[(0, 9, 'B-TYPE')]
тертый пармезан;[(0, 6, 'B-TYPE'), (7, 15, 'B-BRAND')]
морожениое;[(0, 10, 'B-TYPE')]
тыорожкиж;[(0, 9, 'B-TYPE')]
тортил;[(0, 6, 'B-TYPE')]
misson;[(0, 6, 'B-BRAND')]
яйца со;[(0, 4, 'B-TYPE')]
basilur ч;[(0, 7, 'B-BRAND'), (8, 9, 'B-TYPE')]
конструктора barbie;[(0, 12, 'B-TYPE'), (13, 19, 'B-BRAND')]
ьарталетки;[(0, 10, 'B-TYPE')]
гарниры охлажденн;[(0, 7, 'B-TYPE'), (8, 17, 'B-TYPE')]
рожок архимед;[(0, 5, 'B-TYPE'), (6, 13, 'B-BRAND')]
зеле;[(0, 4, 'B-TYPE')]
плащи, дождевик;[(0, 6, 'B-TYPE'), (7, 15, 'B-TYPE')]
облепиза;[(0, 8, 'B-TYPE')]
творог село зелён;[(0, 6, 'B-TYPE')]
орбит;[(0, 5, 'B-BRAND')]
цезарь ролл;[(0, 6, 'B-TYPE'), (7, 11, 'B-TYPE')]
приправа для холодца;[(0, 8, 'B-TYPE')]
ребра копчен;[(0, 5, 'B-TYPE'), (6, 12, 'B-TYPE')]
сырое;[(0, 5, 'B-TYPE')]
биточки важная цыпа;[(0, 7, 'B-TYPE')]
напиток миндальный;[(0, 7, 'B-TYPE'), (8, 18, 'B-TYPE')]
яблоок;[(0, 6, 'B-TYPE')]
салфетки для экрана;[(0, 8, 'B-TYPE')]
nemo;[(0, 4, 'B-TYPE')]
наполко;[(0, 7, 'B-TYPE')]
костчка;[(0, 7, 'B-TYPE')]
мяфли;[(0, 5, 'B-TYPE')]
цезарь пельмени;[(0, 6, 'B-TYPE'), (7, 15, 'B-TYPE')]
пензенский творо;[(0, 10, 'B-BRAND'), (11, 16, 'B-TYPE')]
салыетеи;[(0, 8, 'B-TYPE')]
сендвтч;[(0, 7, 'B-TYPE')]
нолубцы;[(0, 7, 'B-TYPE')]
питоушка;[(0, 8, 'B-TYPE')]
апппельсины;[(0, 11, 'B-TYPE')]
бритва ex;[(0, 6, 'B-TYPE'), (7, 9, 'B-BRAND')]
чак-чак;[(0, 7, 'B-TYPE')]
бажная салфека;[(0, 6, 'B-TYPE'), (7, 14, 'B-TYPE')]
гриби;[(0, 5, 'B-TYPE')]
кллбаски;[(0, 8, 'B-TYPE')]
потчики;[(0, 7, 'B-TYPE')]
холопеньо;[(0, 9, 'B-TYPE')]
ирис росс;[(0, 4, 'B-TYPE'), (5, 9, 'B-BRAND')]
papstar подсвечники;[(0, 7, 'B-BRAND'), (8, 19, 'B-TYPE')]
таб. winsto;[(0, 4, 'B-TYPE'), (5, 11, 'B-BRAND')]
прочие консервы;[(0, 6, 'B-TYPE'), (7, 15, 'B-TYPE')]
трусишки;[(0, 8, 'B-TYPE')]
кружки apol;[(0, 6, 'B-TYPE'), (7, 11, 'B-BRAND')]
кофе ы капсулах;[(0, 4, 'B-TYPE')]
маринованые огурцы;[(0, 11, 'B-TYPE'), (12, 18, 'B-TYPE')]
хатбер степлеры;[(0, 6, 'B-BRAND'), (7, 15, 'B-TYPE')]
таз mallon;[(0, 3, 'B-TYPE'), (4, 10, 'B-BRAND')]
медовуха royal;[(0, 8, 'B-TYPE'), (9, 14, 'B-BRAND')]
сухартки;[(0, 8, 'B-TYPE')]
хлебцыы;[(0, 7, 'B-TYPE')]
кейкпопс;[(0, 8, 'B-TYPE')]
хлеб городской;[(0, 4, 'B-TYPE'), (5, 14, 'B-TYPE')]
heintz;[(0, 6, 'B-BRAND')]
sneq;[(0, 4, 'B-TYPE')]
пирожнве;[(0, 8, 'B-TYPE')]
фрутоняея;[(0, 9, 'B-TYPE')]
жидкий корм котам;[(0, 6, 'B-TYPE'), (7, 11, 'B-TYPE')]
кпртофель;[(0, 9, 'B-TYPE')]
бибо нож;[(0, 4, 'B-BRAND'), (5, 8, 'B-TYPE')]
миндалт;[(0, 7, 'B-TYPE')]
нескаф;[(0, 6, 'B-TYPE')]
творожкихэ;[(0, 10, 'B-TYPE')]
булки для хот-догов;[(0, 5, 'B-TYPE')]
тан свитлогорье;[(0, 3, 'B-TYPE'), (4, 15, 'B-TYPE')]
одеяла togas;[(0, 6, 'B-TYPE'), (7, 12, 'B-BRAND')]
кулнария;[(0, 8, 'B-TYPE')]
грили редмо;[(0, 5, 'B-TYPE'), (6, 11, 'B-BRAND')]
горлщек;[(0, 7, 'B-TYPE')]
корзиночки кристал;[(0, 10, 'B-TYPE'), (11, 18, 'B-BRAND')]
рыбоовощны;[(0, 10, 'B-TYPE')]
сосиски с сыро;[(0, 7, 'B-TYPE')]
балыковая;[(0, 9, 'B-TYPE')]
саженец mosselm;[(0, 7, 'B-TYPE'), (8, 15, 'B-BRAND')]
блинчики замороженные;[(0, 8, 'B-TYPE'), (9, 21, 'B-TYPE')]
калькуляторы action!;[(0, 12, 'B-TYPE'), (13, 20, 'B-BRAND')]
кексы, кули;[(0, 6, 'B-TYPE'), (7, 11, 'B-TYPE')]
чеснох;[(0, 6, 'B-TYPE')]
сос;[(0, 3, 'B-TYPE')]
творожннн;[(0, 9, 'B-TYPE')]
балат;[(0, 5, 'B-BRAND')]
сврок;[(0, 5, 'B-TYPE')]
rlaa;[(0, 4, 'B-BRAND')]
сгущенные молочн;[(0, 9, 'B-TYPE'), (10, 16, 'B-TYPE')]
torin;[(0, 5, 'B-BRAND')]
сгущенка.;[(0, 9, 'B-TYPE')]
наггентсы;[(0, 9, 'B-TYPE')]
виногрд;[(0, 7, 'B-TYPE')]
дона;[]
пластелин;[(0, 9, 'B-TYPE')]
гренки с чес;[(0, 6, 'B-TYPE')]
фруггурт;[(0, 8, 'B-TYPE')]
баулажаны;[(0, 9, 'B-TYPE')]
коровка;[(0, 7, 'B-TYPE')]
просткваш;[(0, 9, 'B-TYPE')]
териыки;[(0, 7, 'B-TYPE')]
ади-тлеоны;[]
оливкового;[(0, 10, 'B-TYPE')]
гаамки;[(0, 6, 'B-TYPE')]
твортжок;[(0, 8, 'B-TYPE')]
горшочек;[(0, 8, 'B-TYPE')]
ароматизаторы;[(0, 13, 'B-TYPE')]
укрицей;[(0, 7, 'B-TYPE')]
сырокопченая колбаск;[(0, 12, 'B-TYPE'), (13, 20, 'B-TYPE')]
круглый гор;[(0, 7, 'B-TYPE'), (8, 11, 'B-TYPE')]
свини;[(0, 5, 'B-TYPE')]
белочка найди;[(0, 7, 'B-TYPE'), (8, 13, 'B-BRAND')]
сыр по русски;[(0, 3, 'B-TYPE')]
лукумом метрополи;[(0, 7, 'B-TYPE'), (8, 17, 'B-BRAND')]
погремуш;[(0, 8, 'B-TYPE')]
потлотенце;[(0, 10, 'B-TYPE')]
минеральнаяу;[(0, 12, 'B-TYPE')]
сн;[]
горчица kamis;[(0, 7, 'B-TYPE'), (8, 13, 'B-BRAND')]
мука пшеничная;[(0, 4, 'B-TYPE'), (5, 14, 'B-TYPE')]
рёбрыш;[(0, 6, 'B-TYPE')]
овощин;[(0, 6, 'B-TYPE')]
larsen шпроты;[(0, 6, 'B-BRAND'), (7, 13, 'B-TYPE')]
салфетки губчатые;[(0, 8, 'B-TYPE'), (9, 17, 'B-TYPE')]
сок hi;[(0, 3, 'B-TYPE'), (4, 6, 'B-BRAND')]
компотная смесь;[(0, 9, 'B-TYPE'), (10, 15, 'B-TYPE')]
корнишоныу;[(0, 10, 'B-TYPE')]
мханические;[(0, 11, 'B-TYPE')]
маслос;[(0, 6, 'B-TYPE')]
аия;[]
гольфы minimi;[(0, 6, 'B-TYPE'), (7, 13, 'B-BRAND')]
ошейник;[(0, 7, 'B-TYPE')]
ветчина с па;[(0, 7, 'B-TYPE')]
пшенохз;[(0, 7, 'B-TYPE')]
наггетсч;[(0, 8, 'B-TYPE')]
сырокю;[(0, 6, 'B-TYPE')]
морковный сок;[(0, 9, 'B-TYPE'), (10, 13, 'B-TYPE')]
заварные;[(0, 8, 'B-TYPE')]
ванильный с.пудов;[(0, 9, 'B-TYPE'), (10, 17, 'B-BRAND')]
кекеры;[(0, 6, 'B-TYPE')]
ботинки luckylan;[(0, 7, 'B-TYPE'), (8, 16, 'B-BRAND')]
полетенце;[(0, 9, 'B-TYPE')]
монастырский;[(0, 12, 'B-TYPE')]
таб. ken;[(0, 4, 'B-TYPE'), (5, 8, 'B-BRAND')]
tropic;[]
сок яблрчный;[(0, 3, 'B-TYPE'), (4, 12, 'B-TYPE')]
чесснок;[(0, 7, 'B-TYPE')]
твлрожочки;[(0, 10, 'B-TYPE')]
сухари владхле;[(0, 6, 'B-TYPE'), (7, 14, 'B-BRAND')]
элитны;[(0, 6, 'B-TYPE')]
слоййка;[(0, 7, 'B-TYPE')]
тота;[(0, 4, 'B-TYPE')]
горбушау;[(0, 8, 'B-TYPE')]
sosiete;[(0, 7, 'B-TYPE')]
соус для хо;[(0, 4, 'B-TYPE')]
грудкая;[(0, 7, 'B-TYPE')]
йегурты;[(0, 7, 'B-TYPE')]
соус кавказский;[(0, 4, 'B-TYPE'), (5, 15, 'B-TYPE')]
маффен;[(0, 6, 'B-TYPE')]
крупское;[(0, 8, 'B-TYPE')]
mасло;[(0, 5, 'B-TYPE')]
житкость;[(0, 8, 'B-TYPE')]
полукопченый колбасы;[(0, 12, 'B-TYPE'), (13, 20, 'B-TYPE')]
ягоды замороженные;[(0, 5, 'B-TYPE'), (6, 18, 'B-TYPE')]
холодец если;[(0, 7, 'B-TYPE')]
птелинка;[(0, 8, 'B-TYPE')]
глинтвейна;[(0, 10, 'B-TYPE')]
бакалажан;[(0, 9, 'B-TYPE')]
растмшка;[(0, 8, 'B-TYPE')]
программное обеспечени;[(0, 11, 'B-TYPE'), (12, 22, 'B-TYPE')]
гавайская смесь;[(0, 9, 'B-TYPE'), (10, 15, 'B-TYPE')]
сливкит;[(0, 7, 'B-TYPE')]
туает;[(0, 5, 'B-TYPE')]
fishka бубли;[(0, 6, 'B-BRAND'), (7, 12, 'B-TYPE')]
umka карандаш;[(0, 4, 'B-BRAND'), (5, 13, 'B-TYPE')]
коктел;[(0, 6, 'B-TYPE')]
туалктна;[(0, 8, 'B-TYPE')]
рнурскй;[]
крабовые палочки vici;[(0, 8, 'B-TYPE'), (9, 16, 'B-TYPE'), (17, 21, 'B-BRAND')]
сидр афанас;[(0, 4, 'B-TYPE'), (5, 11, 'B-BRAND')]
йодированная;[(0, 12, 'B-TYPE')]
сгущенкк;[(0, 8, 'B-TYPE')]
суф;[(0, 3, 'B-TYPE')]
ultra;[]
ветчина с перцем;[(0, 7, 'B-TYPE')]
стопры, защелк;[(0, 7, 'B-TYPE'), (8, 14, 'B-TYPE')]
компот corrad;[(0, 6, 'B-TYPE'), (7, 13, 'B-BRAND')]
хлеб нарезанный;[(0, 4, 'B-TYPE'), (5, 15, 'B-TYPE')]
мясо по фран;[(0, 4, 'B-TYPE')]
скумбрия белгородры;[(0, 8, 'B-TYPE'), (9, 19, 'B-BRAND')]
тарал;[(0, 5, 'B-TYPE')]
молочные напитки;[(0, 8, 'B-TYPE'), (9, 16, 'B-TYPE')]
сыр для пицы;[(0, 3, 'B-TYPE')]
nutilo;[(0, 6, 'B-BRAND')]
хлеб с зерном;[(0, 4, 'B-TYPE')]
гель для душа camay;[(0, 4, 'B-TYPE'), (14, 19, 'B-BRAND')]
richi;[(0, 5, 'B-BRAND')]
зеленог;[(0, 7, 'B-TYPE')]
апла;[(0, 4, 'B-TYPE')]
fishka гренка;[(0, 6, 'B-BRAND'), (7, 13, 'B-TYPE')]
universal или;[(0, 9, 'B-TYPE')]
пицца замороженна;[(0, 5, 'B-TYPE'), (6, 17, 'B-TYPE')]
вермешел;[(0, 8, 'B-TYPE')]
лапша красная цена;[(0, 5, 'B-TYPE'), (6, 13, 'B-BRAND'), (14, 18, 'B-BRAND')]
гренка штурвал;[(0, 6, 'B-TYPE'), (7, 14, 'B-BRAND')]
гель;[(0, 4, 'B-TYPE')]
chokob;[(0, 6, 'B-BRAND')]
гель от засоров;[(0, 4, 'B-TYPE')]
ша;[(0, 2, 'B-TYPE')]
ветчинм;[(0, 7, 'B-TYPE')]
промидоры;[(0, 9, 'B-TYPE')]
водосли;[(0, 7, 'B-TYPE')]
квашеная капуста с хреном;[(0, 8, 'B-TYPE'), (9, 16, 'B-TYPE')]
мдивки;[(0, 6, 'B-TYPE')]
творог 500 г;[(0, 6, 'B-TYPE'), (7, 10, 'B-BRAND'), (11, 12, 'B-VOLUME')]
колбсаса;[]
паштет для кошки;[(0, 6, 'B-TYPE')]
чипы;[(0, 4, 'B-TYPE')]
кофейн;[(0, 6, 'B-TYPE')]
пасоль;[(0, 6, 'B-TYPE')]
таврия;[(0, 6, 'B-BRAND')]
слоёное тесто дро;[(0, 7, 'B-TYPE'), (8, 13, 'B-TYPE'), (14, 17, 'B-TYPE')]
масло эко милка;[(0, 5, 'B-TYPE'), (6, 9, 'B-TYPE'), (10, 15, 'B-BRAND')]
чашек typho;[(0, 5, 'B-TYPE'), (6, 11, 'B-BRAND')]
сады придонья для детского;[(0, 4, 'B-BRAND'), (5, 13, 'B-BRAND')]
хна fit;[(0, 3, 'B-BRAND'), (4, 7, 'B-BRAND')]
тортх;[(0, 5, 'B-TYPE')]
ролтон си огонь;[(0, 6, 'B-TYPE')]
детская вода;[(0, 7, 'B-TYPE'), (8, 12, 'B-TYPE')]
козенак;[(0, 7, 'B-TYPE')]
свечка;[(0, 6, 'B-TYPE')]
патиссон бояри;[(0, 8, 'B-TYPE'), (9, 14, 'B-BRAND')]
доя мытья посуды;[]
индейки;[(0, 7, 'B-TYPE')]
творог⁹;[(0, 7, 'B-TYPE')]
чеченье;[(0, 7, 'B-TYPE')]
bemoloko;[(0, 8, 'B-TYPE')]
fr;[(0, 2, 'B-BRAND')]
шаурма с говядиной;[(0, 6, 'B-TYPE')]
бжиутерия;[(0, 9, 'B-TYPE')]
конфетюр;[(0, 8, 'B-TYPE')]
авангард хлеб;[(0, 8, 'B-BRAND'), (9, 13, 'B-TYPE')]
для мытья пос;[]
греческая с мясом;[(0, 9, 'B-TYPE')]
nestogeen;[(0, 9, 'B-BRAND')]
чашка nouvelle;[(0, 5, 'B-TYPE'), (6, 14, 'B-BRAND')]
печенье с йог;[(0, 7, 'B-TYPE')]
омлет;[(0, 5, 'B-TYPE')]
горчишный;[(0, 9, 'B-TYPE')]
грибной паштет;[(0, 7, 'B-TYPE'), (8, 14, 'B-TYPE')]
нагетсу;[(0, 7, 'B-TYPE')]
коиветки;[(0, 8, 'B-TYPE')]
манго су;[(0, 5, 'B-TYPE'), (6, 8, 'B-TYPE')]
напиток манго;[(0, 7, 'B-TYPE'), (8, 13, 'B-TYPE')]
пирожное с кремом;[(0, 8, 'B-TYPE')]
микрофибр;[(0, 9, 'B-TYPE')]
zeca;[(0, 4, 'B-BRAND')]
жидкость;[(0, 8, 'B-TYPE')]
хозинаки;[(0, 8, 'B-TYPE')]
таблеьки;[(0, 8, 'B-TYPE')]
чернослив seeberge;[(0, 9, 'B-TYPE'), (10, 18, 'B-BRAND')]
халапенья;[(0, 9, 'B-BRAND')]
джин №1;[(0, 4, 'B-BRAND'), (5, 7, 'B-BRAND')]
картошн;[(0, 7, 'B-TYPE')]
фен moulin;[(0, 3, 'B-TYPE'), (4, 10, 'B-BRAND')]
капсул;[(0, 6, 'B-TYPE')]
торт прага;[(0, 4, 'B-TYPE'), (5, 10, 'B-TYPE')]
панировка;[(0, 9, 'B-TYPE')]
бумага туплетная;[(0, 6, 'B-TYPE'), (7, 16, 'B-TYPE')]
ацидобифелин;[(0, 12, 'B-TYPE')]
шампигьны;[(0, 9, 'B-TYPE')]
фарш из индейки;[(0, 4, 'B-TYPE')]
каша агуша;[(0, 4, 'B-TYPE'), (5, 10, 'B-BRAND')]
растителтнте;[(0, 12, 'B-TYPE')]
сушеный кальмар;[(0, 7, 'B-TYPE'), (8, 15, 'B-TYPE')]
лопатаа;[(0, 7, 'B-TYPE')]
газированный напитки;[(0, 12, 'B-TYPE'), (13, 20, 'B-TYPE')]
бегргамот;[]
рамтишки;[(0, 8, 'B-TYPE')]
котлеты шарики;[(0, 7, 'B-TYPE'), (8, 14, 'B-TYPE')]
корм пурина для собак;[(0, 4, 'B-TYPE'), (5, 11, 'B-TYPE')]
сулугунт;[(0, 8, 'B-TYPE')]
fladh;[(0, 5, 'B-BRAND')]
листя;[(0, 5, 'B-TYPE')]
зеленный лук;[(0, 8, 'B-TYPE'), (9, 12, 'B-TYPE')]
фунчоа;[(0, 6, 'B-TYPE')]
паприка сладкая;[(0, 7, 'B-TYPE'), (8, 15, 'B-TYPE')]
гриы, гумоы;[(0, 5, 'B-TYPE'), (6, 11, 'B-TYPE')]
икорное;[(0, 7, 'B-TYPE')]
салатников ev;[(0, 10, 'B-TYPE'), (11, 13, 'B-BRAND')]
feiry;[(0, 5, 'B-BRAND')]
фасоль с томате;[(0, 6, 'B-TYPE')]
шпикачки останкински;[(0, 8, 'B-TYPE'), (9, 20, 'B-BRAND')]
компоты isk;[(0, 7, 'B-TYPE'), (8, 11, 'B-BRAND')]
exxe бритва;[(0, 4, 'B-BRAND'), (5, 11, 'B-TYPE')]
лак для вол;[(0, 3, 'B-TYPE')]
сыр плавлены;[(0, 3, 'B-TYPE'), (4, 12, 'B-TYPE')]
чай грин;[(0, 3, 'B-TYPE'), (4, 8, 'B-TYPE')]
ийогурт с жевачкой;[(0, 7, 'B-TYPE')]
батоан;[(0, 6, 'B-TYPE')]
молочник;[(0, 8, 'B-TYPE')]
птифур;[(0, 6, 'B-TYPE')]
имбирь например;[(0, 6, 'B-TYPE')]
макароны макфа паутинка;[(0, 8, 'B-TYPE'), (9, 14, 'B-BRAND')]
реченье;[(0, 7, 'B-TYPE')]
фарш куриный;[(0, 4, 'B-TYPE'), (5, 12, 'B-TYPE')]
сырок ростагкомплекс чизкейк;[(0, 5, 'B-TYPE'), (6, 20, 'B-BRAND')]
пиражки;[(0, 7, 'B-TYPE')]
молоко село зелёное;[(0, 6, 'B-TYPE')]
редису;[(0, 6, 'B-TYPE')]
уорм для кошек;[(0, 4, 'B-TYPE')]
шоколо;[(0, 6, 'B-TYPE')]
эго;[]
творжная;[(0, 8, 'B-TYPE')]
vinetto;[(0, 7, 'B-BRAND')]
халумес;[(0, 7, 'B-BRAND')]
скитлз;[(0, 6, 'B-TYPE')]
сливы подскажи;[(0, 5, 'B-TYPE'), (6, 14, 'B-BRAND')]
крабоб;[(0, 6, 'B-TYPE')]
рыбка;[(0, 5, 'B-TYPE')]
ваниль парфэ;[(0, 6, 'B-TYPE'), (7, 12, 'B-BRAND')]
сыорк;[(0, 5, 'B-TYPE')]
коллекция найди;[(0, 9, 'B-BRAND'), (10, 15, 'B-TYPE')]
mixbar винные;[(0, 6, 'B-BRAND'), (7, 13, 'B-TYPE')]
капучиет;[(0, 8, 'B-TYPE')]
адриэль;[(0, 7, 'B-TYPE')]
слойка с сыром;[(0, 6, 'B-TYPE')]
рогалик инской;[(0, 7, 'B-TYPE'), (8, 14, 'B-TYPE')]
губки доя мытья;[(0, 5, 'B-TYPE')]
биотворог;[(0, 9, 'B-TYPE')]
прочие лакомства;[(0, 6, 'B-TYPE'), (7, 16, 'B-TYPE')]
творжный;[(0, 8, 'B-TYPE')]
коровка из коровенки;[(0, 7, 'B-TYPE')]
эскимо анниская забава;[(0, 6, 'B-TYPE'), (7, 15, 'B-BRAND')]
плавленный;[(0, 10, 'B-TYPE')]
варенеки;[(0, 8, 'B-TYPE')]
смеиатана;[]
натуральная тенд;[(0, 11, 'B-TYPE'), (12, 16, 'B-BRAND')]
кормм;[(0, 5, 'B-TYPE')]
пива гели;[(0, 4, 'B-TYPE'), (5, 9, 'B-BRAND')]
грифрут;[(0, 7, 'B-TYPE')]
сврока;[(0, 6, 'B-TYPE')]
сырок плавленый;[(0, 5, 'B-TYPE'), (6, 15, 'B-TYPE')]
обложки pro;[(0, 7, 'B-TYPE'), (8, 11, 'B-BRAND')]
limonati;[(0, 8, 'B-TYPE')]
кофевархи;[(0, 9, 'B-TYPE')]
щеба;[(0, 4, 'B-TYPE')]
lemongrass;[(0, 10, 'B-BRAND')]
сгон;[(0, 4, 'B-TYPE')]
патиссоны бояринъ;[(0, 9, 'B-TYPE'), (10, 17, 'B-BRAND')]
artfruit фейх;[(0, 8, 'B-BRAND'), (9, 13, 'B-TYPE')]
коса;[(0, 4, 'B-TYPE')]
винные amore;[(0, 6, 'B-TYPE'), (7, 12, 'B-BRAND')]
офощи;[(0, 5, 'B-TYPE')]
фасоль с во;[(0, 6, 'B-TYPE')]
балан;[(0, 5, 'B-BRAND')]
бумажные скатер;[(0, 8, 'B-TYPE'), (9, 15, 'B-TYPE')]
форель amor;[(0, 6, 'B-TYPE'), (7, 11, 'B-TYPE')]
ядра;[(0, 4, 'B-TYPE')]
сырные;[(0, 6, 'B-TYPE')]
рисовые с сыром;[(0, 7, 'B-TYPE')]
привет вод;[(0, 6, 'B-BRAND'), (7, 10, 'B-TYPE')]
масловы сливочн;[(0, 7, 'B-TYPE'), (8, 15, 'B-TYPE')]
кумы;[(0, 4, 'B-TYPE')]
листчки;[(0, 7, 'B-TYPE')]
альбомы;[(0, 7, 'B-TYPE')]
колбаса цена колбаса;[(0, 7, 'B-TYPE'), (8, 12, 'B-BRAND'), (13, 20, 'B-TYPE')]
зеленый лу;[(0, 7, 'B-TYPE'), (8, 10, 'B-TYPE')]
ветчина из грудки индейки;[(0, 7, 'B-TYPE')]
йяйц;[(0, 4, 'B-TYPE')]
мячо;[(0, 4, 'B-TYPE')]
дрозжи;[(0, 6, 'B-TYPE')]
ботинки gez;[(0, 7, 'B-TYPE'), (8, 11, 'B-BRAND')]
мираторг купаты;[(0, 8, 'B-BRAND'), (9, 15, 'B-TYPE')]
дршипак;[(0, 7, 'B-TYPE')]
сдливки;[(0, 7, 'B-TYPE')]
коныетц;[(0, 7, 'B-TYPE')]
ракушка;[(0, 7, 'B-TYPE')]
колбаса куриная;[(0, 7, 'B-TYPE'), (8, 15, 'B-TYPE')]
часы;[(0, 4, 'B-TYPE')]
сыркиг;[(0, 6, 'B-TYPE')]
простоквашно;[(0, 12, 'B-TYPE')]
яхлеб;[(0, 5, 'B-TYPE')]
уартошка;[(0, 8, 'B-TYPE')]
майонез махеев правонсаль;[(0, 7, 'B-TYPE'), (8, 14, 'B-BRAND'), (15, 25, 'B-BRAND')]
вареники с сыром;[(0, 8, 'B-TYPE')]
нф степлеры;[(0, 2, 'B-BRAND'), (3, 11, 'B-TYPE')]
хмель;[(0, 5, 'B-TYPE')]
льноное;[(0, 7, 'B-TYPE')]
подсолнечное;[(0, 12, 'B-TYPE')]
масльо;[(0, 6, 'B-TYPE')]
ласка для белого;[(0, 5, 'B-TYPE')]
ремни, подтяжки;[(0, 6, 'B-TYPE'), (7, 15, 'B-TYPE')]
птичье;[(0, 6, 'B-TYPE')]
котекс;[(0, 6, 'B-TYPE')]
майска;[(0, 6, 'B-TYPE')]
для детской посуды;[]
шеколад;[(0, 7, 'B-TYPE')]
огурцфы;[(0, 7, 'B-TYPE')]
чай пакетики;[(0, 3, 'B-TYPE'), (4, 12, 'B-TYPE')]
каша marc&фиса;[(0, 4, 'B-TYPE'), (5, 14, 'B-BRAND')]
коыеты;[(0, 6, 'B-TYPE')]
агуша питьевой йогурт;[(0, 5, 'B-BRAND'), (6, 14, 'B-TYPE'), (15, 21, 'B-BRAND')]
наш коров;[(0, 3, 'B-TYPE'), (4, 9, 'B-TYPE')]
ростительное;[(0, 12, 'B-TYPE')]
сыр хохлонд пластикам;[(0, 3, 'B-TYPE'), (4, 11, 'B-BRAND')]
ципленка;[(0, 8, 'B-TYPE')]
стекл;[(0, 5, 'B-TYPE')]
тушенно;[(0, 7, 'B-TYPE')]
мерополс;[(0, 8, 'B-TYPE')]
чаи;[(0, 3, 'B-TYPE')]
lazazza;[(0, 7, 'B-BRAND')]
средства гигие;[(0, 8, 'B-TYPE'), (9, 14, 'B-TYPE')]
печенье сдобное;[(0, 7, 'B-TYPE'), (8, 15, 'B-TYPE')]
фунчёза;[(0, 7, 'B-TYPE')]
капусту;[(0, 7, 'B-TYPE')]
скатерть одноразовая;[(0, 8, 'B-TYPE'), (9, 20, 'B-TYPE')]
чай беллини;[(0, 3, 'B-TYPE'), (4, 11, 'B-BRAND')]
клинское;[(0, 8, 'B-BRAND')]
devore например;[(0, 6, 'B-TYPE')]
сыворото;[(0, 8, 'B-TYPE')]
пылесосов скарле;[(0, 9, 'B-TYPE'), (10, 16, 'B-BRAND')]
сыровялена;[(0, 10, 'B-TYPE')]
муч смеь;[(0, 3, 'B-TYPE'), (4, 8, 'B-TYPE')]
птимптим;[(0, 8, 'B-TYPE')]
овмянве;[(0, 7, 'B-TYPE')]
инжр;[(0, 4, 'B-TYPE')]
макарог;[(0, 7, 'B-TYPE')]
деликате;[(0, 8, 'B-TYPE')]
охлажденная;[(0, 11, 'B-TYPE')]
цыпленое;[(0, 8, 'B-TYPE')]
слабосоленн;[(0, 11, 'B-TYPE')]
корм сухой для колек;[(0, 4, 'B-TYPE'), (5, 10, 'B-TYPE')]
креветки чищенные;[(0, 8, 'B-TYPE'), (9, 17, 'B-TYPE')]
тетр;[]
nestogen1;[(0, 9, 'B-BRAND')]
лампоч;[(0, 6, 'B-TYPE')]
кракеры;[(0, 7, 'B-TYPE')]
морковь;[(0, 7, 'B-TYPE')]
crystalex стаканы;[(0, 9, 'B-BRAND'), (10, 17, 'B-TYPE')]
сардельки дороничи;[(0, 9, 'B-TYPE'), (10, 18, 'B-BRAND')]
нарезная;[(0, 8, 'B-TYPE')]
муьлтиварка;[(0, 11, 'B-TYPE')]
маслино;[(0, 7, 'B-TYPE')]
пончикиц;[(0, 8, 'B-TYPE')]
лимонады;[(0, 8, 'B-TYPE')]
сырояленая;[(0, 10, 'B-TYPE')]
ратимир колба;[(0, 7, 'B-BRAND'), (8, 13, 'B-TYPE')]
cremka;[(0, 6, 'B-TYPE')]
мопоженное;[(0, 10, 'B-TYPE')]
табак winst;[(0, 5, 'B-TYPE'), (6, 11, 'B-BRAND')]
соус для шармы;[(0, 4, 'B-TYPE')]
саженцы арт-дизай;[(0, 7, 'B-TYPE'), (8, 17, 'B-BRAND')]
сгущёгка;[(0, 8, 'B-TYPE')]
яяйцо;[(0, 5, 'B-TYPE')]
щавель;[(0, 6, 'B-TYPE')]
клубниеа;[(0, 8, 'B-TYPE')]
кэннон труc;[(0, 6, 'B-BRAND'), (7, 11, 'B-TYPE')]
разрыхьитель;[(0, 12, 'B-TYPE')]
толстовк;[(0, 8, 'B-TYPE')]
брускетта;[(0, 9, 'B-TYPE')]
для чистки труб;[]
огурцс;[(0, 6, 'B-TYPE')]
пломбирный;[(0, 10, 'B-TYPE')]
педенки;[(0, 7, 'B-TYPE')]
макорны;[(0, 7, 'B-TYPE')]
белый ри;[(0, 5, 'B-TYPE'), (6, 8, 'B-TYPE')]
варенье greenol;[(0, 7, 'B-TYPE'), (8, 15, 'B-BRAND')]
бакладжан;[(0, 9, 'B-TYPE')]
сахарна пудра;[(0, 7, 'B-TYPE'), (8, 13, 'B-TYPE')]
нут агро-альян;[(0, 3, 'B-TYPE'), (4, 14, 'B-BRAND')]
п5ченье;[(0, 7, 'B-TYPE')]
cairy;[(0, 5, 'B-BRAND')]
творог белые росы;[(0, 6, 'B-TYPE'), (7, 12, 'B-BRAND'), (13, 17, 'B-BRAND')]
ряба;[(0, 4, 'B-TYPE')]
tarnado;[(0, 7, 'B-TYPE')]
му-;[]
холодные ч;[(0, 8, 'B-TYPE'), (9, 10, 'B-TYPE')]
смесь доч оладьи;[(0, 5, 'B-TYPE')]
сухарь пр!ст;[(0, 6, 'B-TYPE'), (7, 12, 'B-BRAND')]
икра кабачко;[(0, 4, 'B-TYPE'), (5, 12, 'B-TYPE')]
санто тефно;[(0, 5, 'B-BRAND'), (6, 11, 'B-BRAND')]
жилкое;[(0, 6, 'B-TYPE')]
сметанна;[(0, 8, 'B-TYPE')]
кефир semp;[(0, 5, 'B-TYPE'), (6, 10, 'B-BRAND')]
сыровяленная пит-продукт;[(0, 12, 'B-TYPE'), (13, 24, 'B-BRAND')]
вни;[]
джем вишневый;[(0, 4, 'B-TYPE'), (5, 13, 'B-TYPE')]
ребра копченые;[(0, 5, 'B-TYPE'), (6, 14, 'B-TYPE')]
fancy;[(0, 5, 'B-BRAND')]
чоко;[(0, 4, 'B-TYPE')]
взбиты;[(0, 6, 'B-TYPE')]
творог зернистый;[(0, 6, 'B-TYPE'), (7, 16, 'B-TYPE')]
губка для о;[(0, 5, 'B-TYPE')]
окраина колбаски;[(0, 7, 'B-BRAND'), (8, 16, 'B-TYPE')]
приправа для картош;[(0, 8, 'B-TYPE')]
scandy;[(0, 6, 'B-BRAND')]
рулет куринный;[(0, 5, 'B-TYPE'), (6, 14, 'B-TYPE')]
чай со смородиной;[(0, 3, 'B-TYPE')]
консерва в томатном;[(0, 8, 'B-TYPE')]
томаьы;[(0, 6, 'B-TYPE')]
сыровяленые рм;[(0, 11, 'B-TYPE'), (12, 14, 'B-BRAND')]
красное перекресток;[(0, 7, 'B-TYPE'), (8, 19, 'B-BRAND')]
bohemia стакан;[(0, 7, 'B-BRAND'), (8, 14, 'B-TYPE')]
noskoff пожалуйста;[]
солоок;[(0, 6, 'B-TYPE')]
рассад;[(0, 6, 'B-BRAND')]
сосис. экол;[(0, 6, 'B-TYPE'), (7, 11, 'B-BRAND')]
пластиковые тарелки;[(0, 11, 'B-TYPE'), (12, 19, 'B-TYPE')]
ернчай;[(0, 6, 'B-TYPE')]
помтдоры;[(0, 8, 'B-TYPE')]
курица копчёная;[(0, 6, 'B-TYPE'), (7, 15, 'B-TYPE')]
улитка с карицей;[(0, 6, 'B-TYPE')]
кефир био;[(0, 5, 'B-TYPE'), (6, 9, 'B-BRAND')]
doubl;[(0, 5, 'B-BRAND')]
макарона;[(0, 8, 'B-TYPE')]
немолокоы;[(0, 9, 'B-TYPE')]
солян;[(0, 5, 'B-TYPE')]
колбаса балыковая;[(0, 7, 'B-TYPE'), (8, 17, 'B-TYPE')]
пищевой пленк;[(0, 7, 'B-TYPE'), (8, 13, 'B-TYPE')]
белоручка реди;[(0, 9, 'B-BRAND'), (10, 14, 'B-TYPE')]
моиковь;[(0, 7, 'B-TYPE')]
будка;[(0, 5, 'B-BRAND')]
колбаса стародворье сервелат;[(0, 7, 'B-TYPE'), (8, 19, 'B-TYPE')]
краска для волос;[(0, 6, 'B-TYPE')]
газеровка;[(0, 9, 'B-TYPE')]
каши;[(0, 4, 'B-TYPE')]
белоручка морковка;[(0, 9, 'B-BRAND'), (10, 18, 'B-TYPE')]
лечение воло;[(0, 7, 'B-TYPE'), (8, 12, 'B-TYPE')]
украшение для выпечки;[(0, 9, 'B-TYPE')]
горошком;[(0, 8, 'B-TYPE')]
энергетикс;[(0, 10, 'B-TYPE')]
океан вялен;[(0, 5, 'B-BRAND'), (6, 11, 'B-TYPE')]
макарону;[(0, 8, 'B-TYPE')]
вафлиж;[(0, 6, 'B-TYPE')]
халаля;[(0, 6, 'B-TYPE')]
юбки;[(0, 4, 'B-TYPE')]
лимон био;[(0, 5, 'B-TYPE'), (6, 9, 'B-BRAND')]
кремоб;[(0, 6, 'B-TYPE')]
классический хлеб;[(0, 12, 'B-TYPE'), (13, 17, 'B-TYPE')]
соус махеев салатный;[(0, 4, 'B-TYPE'), (5, 11, 'B-BRAND'), (12, 20, 'B-TYPE')]
бананыу;[(0, 7, 'B-TYPE')]
твердый dove;[(0, 7, 'B-TYPE'), (8, 12, 'B-BRAND')]
pia;[(0, 3, 'B-BRAND')]
веусный;[(0, 7, 'B-TYPE')]
петпушка;[(0, 8, 'B-TYPE')]
колбасные издели;[(0, 9, 'B-TYPE'), (10, 16, 'B-TYPE')]
zanussi пылесосы;[]
кресла, стул;[(0, 7, 'B-TYPE'), (8, 12, 'B-TYPE')]
винегред;[(0, 8, 'B-TYPE')]
топленное дарен;[(0, 9, 'B-TYPE'), (10, 15, 'B-BRAND')]
мясо по французски;[(0, 4, 'B-TYPE')]
кревер;[(0, 6, 'B-TYPE')]
ягод;[(0, 4, 'B-TYPE')]
basilur чай;[(0, 7, 'B-BRAND'), (8, 11, 'B-TYPE')]
стопки, рюм;[(0, 7, 'B-TYPE'), (8, 11, 'B-TYPE')]
сок мандарин;[(0, 3, 'B-TYPE'), (4, 12, 'B-TYPE')]
набор доя суши;[(0, 5, 'B-TYPE')]
тертый;[(0, 6, 'B-TYPE')]
мыло для интим;[(0, 4, 'B-TYPE')]
грану;[(0, 5, 'B-TYPE')]
имолоко;[(0, 7, 'B-TYPE')]
компоты агрокомплекс;[(0, 7, 'B-TYPE'), (8, 20, 'B-BRAND')]
инкерман шампанско;[(0, 8, 'B-TYPE'), (9, 18, 'B-TYPE')]
пивные напитк;[(0, 6, 'B-TYPE'), (7, 13, 'B-TYPE')]
балык;[(0, 5, 'B-TYPE')]
тортилтя;[(0, 8, 'B-TYPE')]
винный martin;[(0, 6, 'B-TYPE'), (7, 13, 'B-BRAND')]
лапша с морепродуктами;[(0, 5, 'B-TYPE')]
калач;[(0, 5, 'B-TYPE')]
пряни4и;[(0, 7, 'B-TYPE')]
прочее;[(0, 6, 'B-TYPE')]
салвт;[(0, 5, 'B-TYPE')]
наполнитель для кот;[(0, 11, 'B-TYPE')]
батончик бабаевский;[(0, 8, 'B-TYPE'), (9, 19, 'B-BRAND')]
свино;[(0, 5, 'B-TYPE')]
чая;[(0, 3, 'B-TYPE')]
картофеьное;[(0, 11, 'B-TYPE')]
ромштекс;[(0, 8, 'B-TYPE')]
сухаръ;[(0, 6, 'B-TYPE')]
штрцдель;[(0, 8, 'B-TYPE')]
озотничьии;[(0, 10, 'B-TYPE')]
супы замороженн;[(0, 4, 'B-TYPE'), (5, 15, 'B-TYPE')]
семечки джин;[(0, 7, 'B-TYPE'), (8, 12, 'B-BRAND')]
красная цена лимонад;[(0, 7, 'B-BRAND'), (8, 12, 'B-BRAND'), (13, 20, 'B-TYPE')]
рефтамид;[(0, 8, 'B-BRAND')]
арбузы fresc;[(0, 6, 'B-TYPE'), (7, 12, 'B-BRAND')]
чиабата тобу;[(0, 7, 'B-TYPE'), (8, 12, 'B-BRAND')]
самокаты, скейты;[(0, 9, 'B-TYPE'), (10, 16, 'B-TYPE')]
мясо крабовое;[(0, 4, 'B-TYPE'), (5, 13, 'B-TYPE')]
соски в тесте;[(0, 5, 'B-TYPE')]
hebarus;[(0, 7, 'B-BRAND')]
яшкно;[(0, 5, 'B-TYPE')]
сосиска в те;[(0, 7, 'B-TYPE')]
ксртошка;[(0, 8, 'B-TYPE')]
вялкнная;[(0, 8, 'B-TYPE')]
раствор;[(0, 7, 'B-TYPE')]
чистая линия мороженое;[(0, 6, 'B-BRAND'), (7, 12, 'B-BRAND'), (13, 22, 'B-TYPE')]
рост уксус;[(0, 4, 'B-BRAND'), (5, 10, 'B-TYPE')]
макароны цветные;[(0, 8, 'B-TYPE'), (9, 16, 'B-TYPE')]
платки, банданы;[(0, 7, 'B-TYPE'), (8, 15, 'B-TYPE')]
грейпфрккт;[(0, 10, 'B-TYPE')]
рогалик инско;[(0, 7, 'B-TYPE'), (8, 13, 'B-BRAND')]
прочее как;[(0, 6, 'B-TYPE'), (7, 10, 'B-TYPE')]
салатт;[(0, 6, 'B-TYPE')]
моркавча;[(0, 8, 'B-TYPE')]
ваниль айдиго;[(0, 6, 'B-TYPE'), (7, 13, 'B-BRAND')]
vici хек;[(0, 4, 'B-BRAND'), (5, 8, 'B-TYPE')]
коробка louma;[(0, 7, 'B-TYPE'), (8, 13, 'B-BRAND')]
вермиш;[(0, 6, 'B-TYPE')]
пикни;[(0, 5, 'B-TYPE')]
крекер sladoya;[(0, 6, 'B-TYPE'), (7, 14, 'B-BRAND')]
сок яблочный 2л;[(0, 3, 'B-TYPE'), (4, 12, 'B-TYPE'), (13, 15, 'B-VOLUME')]
манд;[(0, 4, 'B-TYPE')]
бигбули;[(0, 7, 'B-TYPE')]
ириска;[(0, 6, 'B-TYPE')]
dr.oetker кисел;[(0, 9, 'B-BRAND'), (10, 15, 'B-TYPE')]
никольск сосис;[(0, 8, 'B-BRAND'), (9, 14, 'B-TYPE')]
лаймн;[(0, 5, 'B-TYPE')]
газировная;[(0, 10, 'B-TYPE')]
фенхель айди;[(0, 7, 'B-TYPE'), (8, 12, 'B-BRAND')]
бритья beautific;[(0, 6, 'B-TYPE'), (7, 16, 'B-BRAND')]
дноразовыестаки;[(0, 15, 'B-TYPE')]
детс;[(0, 4, 'B-TYPE')]
кухонный комба;[(0, 8, 'B-TYPE'), (9, 14, 'B-TYPE')]
лклэнд;[(0, 6, 'B-TYPE')]
фаршш;[(0, 5, 'B-TYPE')]
мыло;[(0, 4, 'B-TYPE')]
красное виноградное;[(0, 7, 'B-TYPE'), (8, 19, 'B-TYPE')]
сгущенле;[(0, 8, 'B-TYPE')]
чай milfor;[(0, 3, 'B-TYPE'), (4, 10, 'B-BRAND')]
тостевый;[(0, 8, 'B-TYPE')]
кириешки;[(0, 8, 'B-TYPE')]
салат малыш;[(0, 5, 'B-TYPE'), (6, 11, 'B-BRAND')]
заправкв для борща;[(0, 8, 'B-TYPE')]
агуркц;[(0, 6, 'B-TYPE')]
кондитерские издели;[(0, 12, 'B-TYPE'), (13, 19, 'B-TYPE')]
скумбория;[(0, 9, 'B-TYPE')]
пасха;[(0, 5, 'B-TYPE')]
жевательная;[(0, 11, 'B-TYPE')]
красное перекрест;[(0, 7, 'B-TYPE'), (8, 17, 'B-BRAND')]
тендер кабачок;[(0, 6, 'B-BRAND'), (7, 14, 'B-TYPE')]
корм сухой для стерили;[(0, 4, 'B-TYPE'), (5, 10, 'B-TYPE')]
glorix;[(0, 6, 'B-BRAND')]
муссор;[(0, 6, 'B-TYPE')]
grainfield;[(0, 10, 'B-TYPE')]
крупнолистовой;[(0, 14, 'B-TYPE')]
заворное;[(0, 8, 'B-TYPE')]
огкрец;[(0, 6, 'B-TYPE')]
gls;[(0, 3, 'B-BRAND')]
красная цена майонез;[(0, 7, 'B-BRAND'), (8, 12, 'B-BRAND'), (13, 20, 'B-TYPE')]
роллер borger;[(0, 6, 'B-TYPE'), (7, 13, 'B-BRAND')]
всреники;[(0, 8, 'B-TYPE')]
умки;[(0, 4, 'B-TYPE')]
бульоны;[(0, 7, 'B-TYPE')]
типсы;[(0, 5, 'B-TYPE')]
hein;[(0, 4, 'B-BRAND')]
сок ябло;[(0, 3, 'B-TYPE'), (4, 8, 'B-TYPE')]
миндальная;[(0, 10, 'B-TYPE')]
зелень для супа;[(0, 6, 'B-TYPE')]
сэндвинч;[(0, 8, 'B-TYPE')]
творожная масса;[(0, 9, 'B-TYPE'), (10, 15, 'B-TYPE')]
beltzer;[(0, 7, 'B-TYPE')]
коньячн;[(0, 7, 'B-TYPE')]
корнишены;[(0, 9, 'B-TYPE')]
свитлогооье;[(0, 11, 'B-TYPE')]
набор кон;[(0, 5, 'B-TYPE'), (6, 9, 'B-TYPE')]
йогуртю;[(0, 7, 'B-TYPE')]
ансоус;[(0, 6, 'B-TYPE')]
korber;[(0, 6, 'B-BRAND')]
мяблоко;[(0, 7, 'B-TYPE')]
ирис;[(0, 4, 'B-TYPE')]
салфетки для животных;[(0, 8, 'B-TYPE')]
горк;[(0, 4, 'B-TYPE')]
витамины для собак;[(0, 8, 'B-TYPE')]
огеицы;[(0, 6, 'B-TYPE')]
свиных;[(0, 6, 'B-TYPE')]
с.пудовъ кака;[(0, 8, 'B-BRAND'), (9, 13, 'B-TYPE')]
бургерный;[(0, 9, 'B-TYPE')]
лапша быстрого питания;[(0, 5, 'B-TYPE')]
ополаскиватель synergeti;[(0, 14, 'B-TYPE'), (15, 24, 'B-BRAND')]
сыр тверд;[(0, 3, 'B-TYPE'), (4, 9, 'B-TYPE')]
рикоттв;[(0, 7, 'B-TYPE')]
хачапупи;[(0, 8, 'B-BRAND')]
моршмелло;[(0, 9, 'B-TYPE')]
торти гурм;[(0, 5, 'B-TYPE'), (6, 10, 'B-BRAND')]
агрокомплекс;[(0, 12, 'B-BRAND')]
чпагетти;[(0, 8, 'B-TYPE')]
куриный бульон;[(0, 7, 'B-TYPE'), (8, 14, 'B-TYPE')]
семечек;[(0, 7, 'B-TYPE')]
smart;[(0, 5, 'B-BRAND')]
булочка для состски;[(0, 7, 'B-TYPE')]
бавария;[(0, 7, 'B-TYPE')]
приправа для пл;[(0, 8, 'B-TYPE')]
крас;[(0, 4, 'B-TYPE')]
корнищоны;[(0, 9, 'B-TYPE')]
сгущенкой;[(0, 9, 'B-TYPE')]
коктейль молочный растишка;[(0, 8, 'B-TYPE'), (9, 17, 'B-TYPE'), (18, 26, 'B-BRAND')]
первый вкус сырок;[(0, 6, 'B-TYPE'), (7, 11, 'B-TYPE'), (12, 17, 'B-TYPE')]
продукты сметанны;[(0, 8, 'B-TYPE'), (9, 17, 'B-TYPE')]
срочно варено-копченый;[]
sveza;[(0, 5, 'B-BRAND')]
фруктоза вкус&польза;[(0, 8, 'B-TYPE'), (9, 20, 'B-BRAND')]
хлеб наш грушевой;[(0, 4, 'B-TYPE')]
elit;[]
прярики;[(0, 7, 'B-TYPE')]
фисташки;[(0, 8, 'B-TYPE')]
приправа из карто;[(0, 8, 'B-TYPE')]
соль марк;[(0, 4, 'B-TYPE'), (5, 9, 'B-BRAND')]
пюре чернослив;[(0, 4, 'B-TYPE'), (5, 14, 'B-TYPE')]
крем-мыло cam;[(0, 9, 'B-TYPE'), (10, 13, 'B-BRAND')]
миски hunter;[(0, 5, 'B-TYPE'), (6, 12, 'B-BRAND')]
масло икорное;[(0, 5, 'B-TYPE'), (6, 13, 'B-TYPE')]
огруец;[(0, 6, 'B-TYPE')]
крупсаны;[(0, 8, 'B-TYPE')]
petra пахлава;[(0, 5, 'B-BRAND'), (6, 13, 'B-TYPE')]
шоколадное чудо;[(0, 10, 'B-TYPE'), (11, 15, 'B-TYPE')]
салатников behom;[(0, 10, 'B-TYPE'), (11, 16, 'B-BRAND')]
котлеты замороженн;[(0, 7, 'B-TYPE'), (8, 18, 'B-TYPE')]
корм влаж;[(0, 4, 'B-TYPE')]
сладояр;[(0, 7, 'B-TYPE')]
моркоов;[(0, 7, 'B-TYPE')]
чашки shenzhen;[(0, 5, 'B-TYPE'), (6, 14, 'B-BRAND')]
диана журн;[(0, 5, 'B-TYPE'), (6, 10, 'B-TYPE')]
пиццш;[(0, 5, 'B-TYPE')]
мануа;[(0, 5, 'B-TYPE')]
рулет сдобная особа;[(0, 5, 'B-TYPE'), (6, 13, 'B-TYPE')]
лапшан;[(0, 6, 'B-TYPE')]
бантики;[(0, 7, 'B-TYPE')]
велле мус;[(0, 5, 'B-BRAND'), (6, 9, 'B-TYPE')]
кальмары;[(0, 8, 'B-TYPE')]
посмидор;[(0, 8, 'B-TYPE')]
сыр тофу;[(0, 3, 'B-TYPE'), (4, 8, 'B-TYPE')]
plet;[(0, 4, 'B-BRAND')]
палояк;[(0, 6, 'B-TYPE')]
корм сухой доя собак;[(0, 4, 'B-TYPE'), (5, 10, 'B-TYPE')]
пылесосов bosch;[(0, 9, 'B-TYPE'), (10, 15, 'B-BRAND')]
помидоры маринованные;[(0, 8, 'B-TYPE'), (9, 21, 'B-TYPE')]
кетчуп.;[(0, 7, 'B-TYPE')]
тосторный;[(0, 9, 'B-TYPE')]
ккпаты;[(0, 6, 'B-TYPE')]
подуше;[(0, 6, 'B-TYPE')]
имбирь kotanyi;[(0, 6, 'B-TYPE'), (7, 14, 'B-BRAND')]
лампы проч;[(0, 5, 'B-TYPE'), (6, 10, 'B-TYPE')]
мелкоштучные изделия;[(0, 12, 'B-TYPE'), (13, 20, 'B-TYPE')]
ячгева;[(0, 6, 'B-TYPE')]
пилмени;[(0, 7, 'B-TYPE')]
сиграа;[(0, 6, 'B-TYPE')]
тушк;[(0, 4, 'B-TYPE')]
маслора;[(0, 7, 'B-TYPE')]
олевье;[(0, 6, 'B-TYPE')]
нареззной;[(0, 9, 'B-TYPE')]
основа доя супа;[(0, 6, 'B-TYPE')]
булочка с кунжутом;[(0, 7, 'B-TYPE')]
фрутоняя;[(0, 8, 'B-TYPE')]
merries труси;[(0, 7, 'B-BRAND'), (8, 13, 'B-TYPE')]
сухареки;[(0, 8, 'B-TYPE')]
квкуруза;[(0, 8, 'B-TYPE')]
квасщ;[(0, 5, 'B-TYPE')]
одноразовые пелен;[(0, 11, 'B-TYPE'), (12, 17, 'B-TYPE')]
molky;[(0, 5, 'B-BRAND')]
пшенные;[(0, 7, 'B-TYPE')]
клрм для кошек;[(0, 4, 'B-TYPE')]
котелеты;[(0, 8, 'B-TYPE')]
сыр твороженый;[(0, 3, 'B-TYPE'), (4, 14, 'B-TYPE')]
chil;[]
энергит;[(0, 7, 'B-TYPE')]
зефирки;[(0, 7, 'B-TYPE')]
хек белгородры;[(0, 3, 'B-TYPE'), (4, 14, 'B-BRAND')]
рфитюрницы;[(0, 10, 'B-TYPE')]
nutrilo;[(0, 7, 'B-BRAND')]
подлива для гуляша;[(0, 7, 'B-TYPE')]
батон авангард;[(0, 5, 'B-TYPE'), (6, 14, 'B-BRAND')]
казлык;[(0, 6, 'B-TYPE')]
сыробогатоа;[(0, 11, 'B-TYPE')]
жардин;[(0, 6, 'B-TYPE')]
слив4р;[(0, 6, 'B-TYPE')]
молокко;[(0, 7, 'B-TYPE')]
кутабы;[(0, 6, 'B-TYPE')]
пшенн;[(0, 5, 'B-TYPE')]
merci;[]
actimall;[(0, 8, 'B-BRAND')]
велосипедный;[(0, 12, 'B-TYPE')]
fabri;[(0, 5, 'B-BRAND')]
пеналы юнланди;[(0, 6, 'B-TYPE'), (7, 14, 'B-BRAND')]
сливочнвц;[(0, 9, 'B-TYPE')]
экомил;[(0, 6, 'B-TYPE')]
актибио;[(0, 7, 'B-BRAND')]
цетчуп;[(0, 6, 'B-TYPE')]
мороженое на фруктозе;[(0, 9, 'B-TYPE')]
оробок;[]
кабачнк;[(0, 7, 'B-TYPE')]
dodo;[(0, 4, 'B-BRAND')]
русалочка губк;[(0, 9, 'B-BRAND'), (10, 14, 'B-TYPE')]
сахзам;[(0, 6, 'B-TYPE')]
аишня;[(0, 5, 'B-TYPE')]
аперити;[(0, 7, 'B-TYPE')]
осетровые;[(0, 9, 'B-TYPE')]
крпбовы;[(0, 7, 'B-TYPE')]
лукэ;[(0, 4, 'B-TYPE')]
семк;[(0, 4, 'B-TYPE')]
пгмидоры;[(0, 8, 'B-TYPE')]
сментано;[(0, 8, 'B-TYPE')]
чсенок;[(0, 6, 'B-TYPE')]
маел;[(0, 4, 'B-TYPE')]
barillam;[(0, 8, 'B-BRAND')]
папа может чесно;[(0, 4, 'B-BRAND'), (5, 10, 'B-BRAND'), (11, 16, 'B-TYPE')]
петьмени;[(0, 8, 'B-TYPE')]
пористый шоколад;[(0, 8, 'B-TYPE'), (9, 16, 'B-TYPE')]
шампеньоны;[(0, 10, 'B-TYPE')]
сельд слабосолена;[(0, 5, 'B-TYPE'), (6, 17, 'B-TYPE')]
помидрпы;[(0, 8, 'B-TYPE')]
булочки для бургеров;[(0, 7, 'B-TYPE')]
вермишек;[(0, 8, 'B-TYPE')]
блокх;[(0, 5, 'B-TYPE')]
сдоба булочка с лимоном;[(0, 5, 'B-TYPE'), (6, 13, 'B-TYPE')]
бгетт;[(0, 5, 'B-TYPE')]
без пельмени;[(4, 12, 'B-TYPE')]
сыров тверды;[(0, 5, 'B-TYPE'), (6, 12, 'B-TYPE')]
плетёнка;[(0, 8, 'B-TYPE')]
удлинители камелио;[(0, 10, 'B-TYPE'), (11, 18, 'B-BRAND')]
святля;[(0, 6, 'B-TYPE')]
газеты;[(0, 6, 'B-TYPE')]
ароматизат;[(0, 10, 'B-TYPE')]
мультиварки;[(0, 11, 'B-TYPE')]
омпл;[(0, 4, 'B-TYPE')]
бульонный кубик;[(0, 9, 'B-TYPE'), (10, 15, 'B-TYPE')]
двойная;[(0, 7, 'B-TYPE')]
stella;[]
зефира;[(0, 6, 'B-TYPE')]
сахарозаменител;[(0, 15, 'B-TYPE')]
хот дог;[(0, 3, 'B-TYPE'), (4, 7, 'B-TYPE')]
йгорты;[(0, 6, 'B-TYPE')]
норошек;[(0, 7, 'B-TYPE')]
бумажное полотенц;[(0, 8, 'B-TYPE'), (9, 17, 'B-TYPE')]
капучт;[(0, 6, 'B-TYPE')]
drimies;[(0, 7, 'B-BRAND')]
горччиц;[(0, 7, 'B-TYPE')]
чипсыы;[(0, 6, 'B-TYPE')]
мороженое фруктовый лёд;[(0, 9, 'B-TYPE'), (10, 19, 'B-TYPE')]
шармэль;[(0, 7, 'B-TYPE')]
cr2032;[(0, 6, 'B-BRAND')]
книжка;[]
виишня;[(0, 6, 'B-TYPE')]
гольфы orodor;[(0, 6, 'B-TYPE'), (7, 13, 'B-BRAND')]
fito хна;[(0, 4, 'B-BRAND'), (5, 8, 'B-TYPE')]
рафаэлл;[(0, 7, 'B-BRAND')]
сосиски баварские;[(0, 7, 'B-TYPE'), (8, 17, 'B-TYPE')]
тыкве;[(0, 5, 'B-TYPE')]
открытка;[(0, 8, 'B-TYPE')]
melon;[]
прочие каш;[(0, 6, 'B-TYPE'), (7, 10, 'B-TYPE')]
форель мари;[(0, 6, 'B-TYPE'), (7, 11, 'B-TYPE')]
отбелива;[(0, 8, 'B-TYPE')]
галлеты;[(0, 7, 'B-TYPE')]
бифилайф;[(0, 8, 'B-TYPE')]
фона;[(0, 4, 'B-TYPE')]
картовфел;[(0, 9, 'B-TYPE')]
стейк говядина;[(0, 5, 'B-TYPE'), (6, 14, 'B-TYPE')]
redbull;[(0, 7, 'B-BRAND')]
соус цеза;[(0, 4, 'B-TYPE'), (5, 9, 'B-TYPE')]
твородны;[(0, 8, 'B-TYPE')]
гащированая;[(0, 11, 'B-TYPE')]
шербет;[(0, 6, 'B-TYPE')]
корнешон;[(0, 8, 'B-TYPE')]
грибы0;[(0, 6, 'B-TYPE')]
мартошка;[(0, 8, 'B-BRAND')]
скумбря;[(0, 7, 'B-TYPE')]
vici мороженна;[(0, 4, 'B-BRAND'), (5, 14, 'B-TYPE')]
haas;[(0, 4, 'B-BRAND')]
о ильиой;[(0, 1, 'B-TYPE'), (2, 8, 'B-TYPE')]
амлет;[(0, 5, 'B-BRAND')]
соус для фун;[(0, 4, 'B-TYPE')]
саше;[(0, 4, 'B-TYPE')]
сыр вкуснотеево тильзитер;[(0, 3, 'B-TYPE'), (4, 15, 'B-BRAND'), (16, 25, 'B-BRAND')]
крирешки;[(0, 8, 'B-TYPE')]
запечентые;[(0, 10, 'B-TYPE')]
пудинг нежны;[(0, 6, 'B-TYPE'), (7, 12, 'B-BRAND')]
картофеля vi;[(0, 9, 'B-TYPE'), (10, 12, 'B-BRAND')]
творожная ма с изюмом;[(0, 9, 'B-TYPE'), (10, 12, 'B-TYPE')]
кмпьютеры;[(0, 9, 'B-TYPE')]
армань;[(0, 6, 'B-TYPE')]
воздушные;[(0, 9, 'B-TYPE')]
творрожок;[(0, 9, 'B-TYPE')]
каша hi;[(0, 4, 'B-TYPE'), (5, 7, 'B-BRAND')]
пирог с мясом;[(0, 5, 'B-TYPE')]
актиму;[(0, 6, 'B-BRAND')]
грибы консервированные;[(0, 5, 'B-TYPE'), (6, 22, 'B-TYPE')]
пчелки;[(0, 6, 'B-TYPE')]
ваниьл;[(0, 6, 'B-TYPE')]
яйса;[(0, 4, 'B-TYPE')]
молоко без л;[(0, 6, 'B-TYPE')]
лимонаде;[(0, 8, 'B-TYPE')]
мёрс;[(0, 4, 'B-TYPE')]
кровяные мирато;[(0, 8, 'B-TYPE'), (9, 15, 'B-BRAND')]
сметана нежинская;[(0, 7, 'B-TYPE'), (8, 17, 'B-BRAND')]
nivea лось;[(0, 5, 'B-BRAND'), (6, 10, 'B-TYPE')]
фарш куринный;[(0, 4, 'B-TYPE'), (5, 13, 'B-TYPE')]
милоко;[(0, 6, 'B-TYPE')]
гранолы;[(0, 7, 'B-TYPE')]
пирожное leber;[(0, 8, 'B-TYPE'), (9, 14, 'B-BRAND')]
рыбный фарш;[(0, 6, 'B-TYPE'), (7, 11, 'B-TYPE')]
mms;[(0, 3, 'B-BRAND')]
iton;[(0, 4, 'B-BRAND')]
хлеб для сандвичный;[(0, 4, 'B-TYPE')]
сочнтк;[(0, 6, 'B-TYPE')]
крабовфе;[(0, 8, 'B-TYPE')]
гречкка;[(0, 7, 'B-TYPE')]
стиральные порошким;[(0, 10, 'B-TYPE'), (11, 19, 'B-TYPE')]
сыр плавленный виола;[(0, 3, 'B-TYPE'), (4, 14, 'B-TYPE'), (15, 20, 'B-BRAND')]
пал;[(0, 3, 'B-TYPE')]
коктеиль;[(0, 8, 'B-TYPE')]
верхняя одеж;[(0, 7, 'B-TYPE'), (8, 12, 'B-TYPE')]
варено-копченые корови;[(0, 15, 'B-TYPE'), (16, 22, 'B-BRAND')]
плнировщии;[(0, 10, 'B-TYPE')]
молочный коктейль;[(0, 8, 'B-TYPE'), (9, 17, 'B-TYPE')]
салат айзберг;[(0, 5, 'B-TYPE'), (6, 13, 'B-TYPE')]
сочент;[(0, 6, 'B-TYPE')]
яйцс;[(0, 4, 'B-TYPE')]
масля;[(0, 5, 'B-TYPE')]
пастилп;[(0, 7, 'B-TYPE')]
адыгейсеий;[(0, 10, 'B-TYPE')]
мливки;[(0, 6, 'B-TYPE')]
сливки сухи;[(0, 6, 'B-TYPE'), (7, 11, 'B-TYPE')]
сыровяленый;[(0, 11, 'B-TYPE')]
мореп;[(0, 5, 'B-TYPE')]
pompea трус;[(0, 6, 'B-BRAND'), (7, 11, 'B-TYPE')]
зажигалки polari;[(0, 9, 'B-TYPE'), (10, 16, 'B-BRAND')]
шоколодку;[(0, 9, 'B-TYPE')]
колгот. помп;[(0, 7, 'B-TYPE'), (8, 12, 'B-BRAND')]
череизов;[(0, 8, 'B-TYPE')]
фесоль;[(0, 6, 'B-TYPE')]
мыло детское;[(0, 4, 'B-TYPE'), (5, 12, 'B-TYPE')]
сдобку;[(0, 6, 'B-TYPE')]
завтраки вастэко;[(0, 8, 'B-TYPE'), (9, 16, 'B-BRAND')]
арманья;[(0, 7, 'B-TYPE')]
сушёный чеснок;[(0, 7, 'B-TYPE'), (8, 14, 'B-TYPE')]
петелька;[(0, 8, 'B-TYPE')]
туалетгая;[(0, 9, 'B-TYPE')]
santor;[(0, 6, 'B-BRAND')]
папочка;[(0, 7, 'B-TYPE')]
бульон говяжий;[(0, 6, 'B-TYPE'), (7, 14, 'B-TYPE')]
приправыч желат;[(0, 9, 'B-BRAND'), (10, 15, 'B-TYPE')]
сладкие;[(0, 7, 'B-TYPE')]
идель;[(0, 5, 'B-BRAND')]
сок 2 литра яблочный;[(0, 3, 'B-TYPE'), (4, 5, 'B-VOLUME'), (6, 11, 'B-VOLUME'), (12, 20, 'B-TYPE')]
мысло;[(0, 5, 'B-TYPE')]
детское печенье в упаковке;[(0, 7, 'B-TYPE'), (8, 15, 'B-TYPE')]
студни абсолют(мяс;[(0, 6, 'B-TYPE'), (7, 18, 'B-BRAND')]
рис0;[(0, 4, 'B-TYPE')]
авнотовары;[(0, 10, 'B-TYPE')]
блнчик;[(0, 6, 'B-TYPE')]
вереники;[(0, 8, 'B-TYPE')]
тесто для пельме;[(0, 5, 'B-TYPE')]
менираль;[(0, 8, 'B-TYPE')]
неомолоко;[(0, 9, 'B-TYPE')]
тнк;[]
ком для котят;[(0, 3, 'B-TYPE')]
ветчина из иедейки;[(0, 7, 'B-TYPE')]
куриная груд;[(0, 7, 'B-TYPE'), (8, 12, 'B-TYPE')]
овощи замороженные;[(0, 5, 'B-TYPE'), (6, 18, 'B-TYPE')]
фило ролл;[(0, 4, 'B-TYPE'), (5, 9, 'B-TYPE')]
салфет3и;[(0, 8, 'B-TYPE')]
красная цена батон;[(0, 7, 'B-BRAND'), (8, 12, 'B-BRAND'), (13, 18, 'B-TYPE')]
пмажно;[(0, 6, 'B-TYPE')]
икра рыбная;[(0, 4, 'B-TYPE'), (5, 11, 'B-TYPE')]
смороди;[(0, 7, 'B-TYPE')]
луч ручек;[(0, 3, 'B-BRAND'), (4, 9, 'B-TYPE')]
кусковой марк;[(0, 8, 'B-TYPE'), (9, 13, 'B-BRAND')]
слива;[(0, 5, 'B-TYPE')]
колбаса0;[(0, 8, 'B-TYPE')]
сыр плавленый с грибам;[(0, 3, 'B-TYPE'), (4, 13, 'B-TYPE')]
nordic галет;[(0, 6, 'B-BRAND'), (7, 12, 'B-TYPE')]
artfruit крыжовни;[(0, 8, 'B-BRAND'), (9, 17, 'B-TYPE')]
чебуреки;[(0, 8, 'B-TYPE')]
макарошны;[(0, 9, 'B-TYPE')]
хорс виски;[(0, 4, 'B-BRAND'), (5, 10, 'B-TYPE')]
спрея;[(0, 5, 'B-TYPE')]
жевачку;[(0, 7, 'B-TYPE')]
погремушки fisher-pri;[(0, 10, 'B-TYPE'), (11, 21, 'B-BRAND')]
лопатка без кости;[(0, 7, 'B-TYPE')]
я1ца;[(0, 4, 'B-TYPE')]
концентрат;[(0, 10, 'B-BRAND')]
фрикажельки;[(0, 11, 'B-TYPE')]
стружка кокосовая;[(0, 7, 'B-TYPE'), (8, 17, 'B-TYPE')]
тирольский пирог;[(0, 10, 'B-TYPE'), (11, 16, 'B-TYPE')]
торнало;[(0, 7, 'B-TYPE')]
ливерная дивеево;[(0, 8, 'B-TYPE'), (9, 16, 'B-BRAND')]
горошекз;[(0, 8, 'B-TYPE')]
дроджди;[(0, 7, 'B-TYPE')]
кыфир;[]
булочки для гамьургера;[(0, 7, 'B-TYPE')]
корейские соленья;[(0, 9, 'B-TYPE'), (10, 17, 'B-TYPE')]
огревка;[(0, 7, 'B-TYPE')]
makfa суфле;[(0, 5, 'B-BRAND'), (6, 11, 'B-TYPE')]
тюфель;[(0, 6, 'B-BRAND')]
мандаррн;[(0, 8, 'B-TYPE')]
аква;[(0, 4, 'B-TYPE')]
лагманная;[(0, 9, 'B-TYPE')]
пастеризованная останкинск;[(0, 15, 'B-TYPE'), (16, 26, 'B-BRAND')]
батерейка;[(0, 9, 'B-TYPE')]
перловкв;[(0, 8, 'B-TYPE')]
кофеварки polari;[(0, 9, 'B-TYPE'), (10, 16, 'B-BRAND')]
пштетные;[(0, 8, 'B-TYPE')]
мороэенное;[(0, 10, 'B-TYPE')]
лютры светилнии;[(0, 5, 'B-TYPE'), (6, 15, 'B-BRAND')]
простоквашаша;[(0, 13, 'B-TYPE')]
грейпфрукь;[(0, 10, 'B-TYPE')]
пироженеые;[(0, 10, 'B-TYPE')]
нектары красавч;[(0, 7, 'B-TYPE'), (8, 15, 'B-BRAND')]
краски, лак;[(0, 7, 'B-TYPE'), (8, 11, 'B-TYPE')]
колготк;[(0, 7, 'B-TYPE')]
вв лук;[(0, 2, 'B-TYPE'), (3, 6, 'B-TYPE')]
яртишок;[(0, 7, 'B-TYPE')]
колбоса со шпиком;[(0, 7, 'B-TYPE')]
чивапчичи из го;[(0, 9, 'B-TYPE')]
красный пер;[(0, 7, 'B-TYPE'), (8, 11, 'B-TYPE')]
суппр;[(0, 5, 'B-TYPE')]
овощьная;[(0, 8, 'B-TYPE')]
бумажная салфетка;[(0, 8, 'B-TYPE'), (9, 17, 'B-TYPE')]
яисо;[(0, 4, 'B-TYPE')]
безлпкиозное;[(0, 12, 'B-TYPE')]
matti;[(0, 5, 'B-BRAND')]
сухарипа;[(0, 8, 'B-TYPE')]
рыба под маринадом;[(0, 4, 'B-TYPE')]
бумага smoby;[(0, 6, 'B-TYPE'), (7, 12, 'B-BRAND')]
калория варен;[(0, 7, 'B-BRAND'), (8, 13, 'B-TYPE')]
набор для с;[(0, 5, 'B-TYPE')]
бананф;[(0, 6, 'B-TYPE')]
деткие;[(0, 6, 'B-TYPE')]
шафран kotanyi;[(0, 6, 'B-TYPE'), (7, 14, 'B-BRAND')]
хлеб дарни;[(0, 4, 'B-TYPE'), (5, 10, 'B-TYPE')]
synergetic;[(0, 10, 'B-BRAND')]
дширак;[(0, 6, 'B-BRAND')]
иогкрт;[(0, 6, 'B-TYPE')]
горошкек;[(0, 8, 'B-TYPE')]
стерх;[(0, 5, 'B-TYPE')]
паста шоколадная;[(0, 5, 'B-TYPE'), (6, 16, 'B-TYPE')]
вода 5 литро;[(0, 4, 'B-TYPE'), (5, 6, 'B-VOLUME'), (7, 12, 'B-VOLUME')]
inmor;[(0, 5, 'B-BRAND')]
мусорные пакеты;[(0, 8, 'B-TYPE'), (9, 15, 'B-TYPE')]
donna подсвечнико;[(0, 5, 'B-BRAND'), (6, 17, 'B-TYPE')]
наптлнитель;[(0, 11, 'B-TYPE')]
диана подушки;[(0, 5, 'B-BRAND'), (6, 13, 'B-TYPE')]
глазированный;[(0, 13, 'B-TYPE')]
огрурцы;[(0, 7, 'B-TYPE')]
варе;[(0, 4, 'B-TYPE')]
энергитк;[(0, 8, 'B-TYPE')]
яблоко персик;[(0, 6, 'B-TYPE'), (7, 13, 'B-TYPE')]
сидр очаков;[(0, 4, 'B-TYPE'), (5, 11, 'B-BRAND')]
тараллини;[(0, 9, 'B-TYPE')]
энергить;[(0, 8, 'B-TYPE')]
гель дя по;[(0, 4, 'B-TYPE')]
большемясов сырокопчен;[(0, 11, 'B-BRAND'), (12, 22, 'B-TYPE')]
miv;[(0, 3, 'B-BRAND')]
хлебница louman;[(0, 8, 'B-TYPE'), (9, 15, 'B-BRAND')]
econika;[(0, 7, 'B-BRAND')]
освежиьель;[(0, 10, 'B-TYPE')]
варенье клубничное;[(0, 7, 'B-TYPE'), (8, 18, 'B-BRAND')]
кашá;[(0, 4, 'B-TYPE')]
пирожкнные;[(0, 10, 'B-TYPE')]
сливик;[(0, 6, 'B-TYPE')]
майонег;[(0, 7, 'B-TYPE')]
вкус польза колбаса;[(0, 4, 'B-BRAND'), (5, 11, 'B-BRAND'), (12, 19, 'B-TYPE')]
бульмпни;[(0, 8, 'B-TYPE')]
питьевой йогурт;[(0, 8, 'B-TYPE'), (9, 15, 'B-BRAND')]
кофемолки электрические;[(0, 9, 'B-TYPE'), (10, 23, 'B-TYPE')]
наборы конф;[(0, 6, 'B-TYPE'), (7, 11, 'B-TYPE')]
fresco ред;[(0, 6, 'B-BRAND'), (7, 10, 'B-TYPE')]
мороженное эскимо;[(0, 10, 'B-TYPE'), (11, 17, 'B-TYPE')]
порошка;[(0, 7, 'B-TYPE')]
bignon;[(0, 6, 'B-BRAND')]
ба6аны;[(0, 6, 'B-TYPE')]
richar;[]
вялены;[]
пнченье;[(0, 7, 'B-TYPE')]
йца;[(0, 3, 'B-TYPE')]
подцолнечное;[(0, 12, 'B-TYPE')]
печенье.;[(0, 8, 'B-TYPE')]
лапша красная;[(0, 5, 'B-TYPE'), (6, 13, 'B-TYPE')]
туалепы;[(0, 7, 'B-TYPE')]
кардамон с.пудов;[(0, 8, 'B-TYPE'), (9, 16, 'B-BRAND')]
пыглесос;[(0, 8, 'B-TYPE')]
хлеб на сэнд;[(0, 4, 'B-TYPE')]
грузд;[(0, 5, 'B-BRAND')]
блинв;[(0, 5, 'B-TYPE')]
еннргетик;[(0, 9, 'B-TYPE')]
палатенца;[(0, 9, 'B-TYPE')]
пирожное kinder maxi;[(0, 8, 'B-TYPE'), (9, 15, 'B-BRAND'), (16, 20, 'B-BRAND')]
копчён;[(0, 6, 'B-TYPE')]
сыровяленная царицыно;[(0, 12, 'B-TYPE'), (13, 21, 'B-BRAND')]
супе;[(0, 4, 'B-TYPE')]
пченка;[(0, 6, 'B-TYPE')]
столичнвй;[(0, 9, 'B-BRAND')]
производство кар;[(0, 12, 'B-BRAND'), (13, 16, 'B-TYPE')]
антижир для стеклокерамики;[(0, 7, 'B-TYPE')]
массы творожной;[(0, 5, 'B-TYPE'), (6, 15, 'B-TYPE')]
свхарная;[(0, 8, 'B-TYPE')]
мвтнина;[(0, 7, 'B-TYPE')]
clear;[]
arco;[(0, 4, 'B-BRAND')]
экол;[(0, 4, 'B-TYPE')]
скороварки;[(0, 10, 'B-TYPE')]
перчаьки;[(0, 8, 'B-TYPE')]
сгущенный молочн;[(0, 9, 'B-TYPE'), (10, 16, 'B-TYPE')]
тостеры moulinex;[(0, 7, 'B-TYPE'), (8, 16, 'B-BRAND')]
маслицы;[(0, 7, 'B-TYPE')]
для мытья пола;[]
кукуруза ромашкино;[(0, 8, 'B-TYPE'), (9, 18, 'B-BRAND')]
эяйцо;[(0, 5, 'B-TYPE')]
солл;[(0, 4, 'B-TYPE')]
фены филип;[(0, 4, 'B-TYPE'), (5, 10, 'B-TYPE')]
сырная нарезка;[(0, 6, 'B-TYPE'), (7, 14, 'B-TYPE')]
декоративная косметик;[(0, 12, 'B-TYPE'), (13, 21, 'B-TYPE')]
клейчатка;[(0, 9, 'B-TYPE')]
клеры;[(0, 5, 'B-TYPE')]
апельсин мандарин;[(0, 8, 'B-TYPE'), (9, 17, 'B-TYPE')]
вареная;[(0, 7, 'B-TYPE')]
майка atlant;[(0, 5, 'B-TYPE'), (6, 12, 'B-BRAND')]
краьовы;[(0, 7, 'B-TYPE')]
pudding;[(0, 7, 'B-TYPE')]
сыптаки;[(0, 7, 'B-TYPE')]
жидкое мыло пенка;[(0, 6, 'B-TYPE')]
бумажнве платочки дл носа;[(0, 8, 'B-TYPE'), (9, 17, 'B-TYPE')]
карамел;[(0, 7, 'B-TYPE')]
рыба в панировке;[(0, 4, 'B-TYPE')]
полукопченная колбас;[(0, 13, 'B-TYPE'), (14, 20, 'B-TYPE')]
чупа чупс;[(0, 4, 'B-TYPE'), (5, 9, 'B-BRAND')]
rost тома;[(0, 4, 'B-BRAND'), (5, 9, 'B-TYPE')]
хлоапья;[(0, 7, 'B-TYPE')]
редимка;[(0, 7, 'B-TYPE')]
шишкин лес;[(0, 6, 'B-BRAND'), (7, 10, 'B-BRAND')]
эклеров мишель;[(0, 7, 'B-TYPE'), (8, 14, 'B-BRAND')]
баклажаг;[(0, 8, 'B-TYPE')]
pyrex пожалуйста;[(0, 5, 'B-BRAND'), (6, 16, 'B-TYPE')]
рыба солёная;[(0, 4, 'B-TYPE'), (5, 12, 'B-TYPE')]
булочки аванга;[(0, 7, 'B-TYPE'), (8, 14, 'B-BRAND')]
оливок;[(0, 6, 'B-TYPE')]
посидор6;[(0, 8, 'B-TYPE')]
макароны макфа 16;[(0, 8, 'B-TYPE'), (9, 14, 'B-BRAND'), (15, 17, 'B-VOLUME')]
кроке;[(0, 5, 'B-TYPE')]
exponetto;[(0, 9, 'B-BRAND')]
evervess;[(0, 8, 'B-BRAND')]
сушеная рыба для;[(0, 7, 'B-TYPE'), (8, 12, 'B-TYPE')]
корзиночка сернур;[(0, 10, 'B-TYPE'), (11, 17, 'B-BRAND')]
салянкк;[(0, 7, 'B-TYPE')]
вода с гвзом;[(0, 4, 'B-TYPE')]
кондит;[(0, 6, 'B-TYPE')]
пятнёвыводители;[(0, 15, 'B-TYPE')]
грудка куриная без кости;[(0, 6, 'B-TYPE'), (7, 14, 'B-TYPE')]
суп в пач;[(0, 3, 'B-TYPE')]
фасоль в собств;[(0, 6, 'B-TYPE')]
picador;[(0, 7, 'B-BRAND')]
cola без сахара;[(0, 4, 'B-TYPE')]
fialco тарелка;[(0, 6, 'B-BRAND'), (7, 14, 'B-TYPE')]
хлоптя;[(0, 6, 'B-TYPE')]
сельдб;[(0, 6, 'B-TYPE')]
гу;[(0, 2, 'B-TYPE')]
плоскошлифовальная машин;[(0, 18, 'B-TYPE'), (19, 24, 'B-TYPE')]
зйнки;[(0, 5, 'B-TYPE')]
масло растительное для жарки;[(0, 5, 'B-TYPE'), (6, 18, 'B-TYPE')]
хлеб и батон;[(0, 4, 'B-TYPE')]
мурмелад;[(0, 8, 'B-TYPE')]
совок;[(0, 5, 'B-TYPE')]
фол;[(0, 3, 'B-TYPE')]
иворожные;[(0, 9, 'B-TYPE')]
трусы cascatto;[(0, 5, 'B-TYPE'), (6, 14, 'B-BRAND')]
карборад;[(0, 8, 'B-TYPE')]
мясо бедра;[(0, 4, 'B-TYPE'), (5, 10, 'B-TYPE')]
джем махеев;[(0, 4, 'B-TYPE'), (5, 11, 'B-BRAND')]
бумажн-целюлозня продукция;[(0, 16, 'B-TYPE'), (17, 26, 'B-TYPE')]
сахарная вата;[(0, 8, 'B-TYPE'), (9, 13, 'B-TYPE')]
смесь красная цена;[(0, 5, 'B-TYPE'), (6, 13, 'B-BRAND'), (14, 18, 'B-BRAND')]
raf;[(0, 3, 'B-BRAND')]
корица kam;[(0, 6, 'B-TYPE'), (7, 10, 'B-BRAND')]
копченная паприка;[(0, 9, 'B-TYPE'), (10, 17, 'B-TYPE')]
овощной пюр;[(0, 7, 'B-TYPE'), (8, 11, 'B-TYPE')]
моц;[(0, 3, 'B-TYPE')]
бул;[(0, 3, 'B-TYPE')]
панчт;[(0, 5, 'B-TYPE')]
микса;[(0, 5, 'B-BRAND')]
огурдрц;[(0, 7, 'B-TYPE')]
ппотеиновые;[(0, 11, 'B-TYPE')]
ракушк;[(0, 6, 'B-TYPE')]
туалетну;[(0, 8, 'B-TYPE')]
грейпфрутов;[(0, 11, 'B-TYPE')]
огурцы маринованн;[(0, 6, 'B-TYPE'), (7, 17, 'B-TYPE')]
кутаб;[(0, 5, 'B-TYPE')]
деодорант;[(0, 9, 'B-TYPE')]
пирожнн;[(0, 7, 'B-TYPE')]
сосиоски;[(0, 8, 'B-TYPE')]
laid;[(0, 4, 'B-BRAND')]
хлоньев;[(0, 7, 'B-TYPE')]
сухогруз;[(0, 8, 'B-TYPE')]
лапша5ц;[(0, 7, 'B-TYPE')]
вафли коломенские;[(0, 5, 'B-TYPE'), (6, 17, 'B-TYPE')]
апельсиновый;[(0, 12, 'B-TYPE')]
чесннк;[(0, 6, 'B-TYPE')]
яичные;[(0, 6, 'B-TYPE')]
чиабата;[(0, 7, 'B-TYPE')]
английский хлеб;[(0, 10, 'B-TYPE'), (11, 15, 'B-TYPE')]
сухой для котят;[(0, 5, 'B-TYPE')]
сметан;[(0, 6, 'B-TYPE')]
мандаррин;[(0, 9, 'B-TYPE')]
блузка lemo;[(0, 6, 'B-TYPE'), (7, 11, 'B-BRAND')]
кокосоаое;[(0, 9, 'B-TYPE')]
дарэлл ошейн;[(0, 6, 'B-BRAND'), (7, 12, 'B-TYPE')]
специиу;[(0, 7, 'B-TYPE')]
cannon толстов;[(0, 6, 'B-BRAND'), (7, 14, 'B-TYPE')]
пуре;[(0, 4, 'B-TYPE')]
чеснок с перцем приправа;[(0, 6, 'B-TYPE')]
крылошек;[(0, 8, 'B-TYPE')]
нутриоак;[(0, 8, 'B-TYPE')]
главхлеб чиабат;[(0, 8, 'B-BRAND'), (9, 15, 'B-TYPE')]
соломк;[(0, 6, 'B-TYPE')]
сехарики;[(0, 8, 'B-TYPE')]
ватеушка;[(0, 8, 'B-TYPE')]
трубочку;[(0, 8, 'B-TYPE')]
салат фриллис;[(0, 5, 'B-TYPE'), (6, 13, 'B-TYPE')]
столовый;[(0, 8, 'B-TYPE')]
свеча на торт;[(0, 5, 'B-TYPE')]
степлеру;[(0, 8, 'B-TYPE')]
crystalex стакан;[(0, 9, 'B-BRAND'), (10, 16, 'B-TYPE')]
кольца;[(0, 6, 'B-TYPE')]
драже м;[(0, 5, 'B-TYPE'), (6, 7, 'B-BRAND')]
пирожок с начинкой;[(0, 7, 'B-TYPE')]
косметички liberha;[(0, 10, 'B-TYPE'), (11, 18, 'B-BRAND')]
свр для бург;[(0, 3, 'B-TYPE')]
кисел;[(0, 5, 'B-TYPE')]
погремушки global;[(0, 10, 'B-TYPE'), (11, 17, 'B-BRAND')]
la paulina;[]
скатрть алфето;[(0, 7, 'B-TYPE'), (8, 14, 'B-BRAND')]
дезодорает;[(0, 10, 'B-TYPE')]
сырные чипсы;[(0, 6, 'B-TYPE'), (7, 12, 'B-TYPE')]
для котлет;[]
хлеб аютинский;[(0, 4, 'B-TYPE'), (5, 14, 'B-TYPE')]
хостерсы;[(0, 8, 'B-TYPE')]
чай нури;[(0, 3, 'B-TYPE'), (4, 8, 'B-TYPE')]
сыр брест сливочный;[(0, 3, 'B-TYPE'), (4, 9, 'B-BRAND'), (10, 19, 'B-BRAND')]
сельдь филе;[(0, 6, 'B-TYPE'), (7, 11, 'B-TYPE')]
йогурт.;[(0, 7, 'B-TYPE')]
parmal;[(0, 6, 'B-BRAND')]
смородина fres;[(0, 9, 'B-TYPE'), (10, 14, 'B-BRAND')]
энергетмки;[(0, 10, 'B-TYPE')]
кухонной вытяжк;[(0, 8, 'B-TYPE'), (9, 15, 'B-TYPE')]
энергетич;[(0, 9, 'B-TYPE')]
саш;[(0, 3, 'B-TYPE')]
ричал;[(0, 5, 'B-BRAND')]
пельмешки продсервис;[(0, 9, 'B-TYPE'), (10, 20, 'B-BRAND')]
шалот;[(0, 5, 'B-TYPE')]
ацидофильный вологжанк;[(0, 12, 'B-TYPE'), (13, 22, 'B-BRAND')]
ореховый;[(0, 8, 'B-TYPE')]
жвачика;[(0, 7, 'B-TYPE')]
средство для тр;[(0, 8, 'B-TYPE')]
nemoloco;[(0, 8, 'B-TYPE')]
колготы;[(0, 7, 'B-TYPE')]
твворог;[(0, 7, 'B-TYPE')]
индана имбир;[(0, 6, 'B-BRAND'), (7, 12, 'B-TYPE')]
паштеты leosco;[(0, 7, 'B-TYPE'), (8, 14, 'B-BRAND')]
кефирй;[(0, 6, 'B-TYPE')]
тартальетки;[(0, 11, 'B-TYPE')]
junfa конструкто;[(0, 5, 'B-BRAND'), (6, 16, 'B-TYPE')]
набор пивной из фо;[(0, 5, 'B-TYPE'), (6, 12, 'B-TYPE')]
облжек;[(0, 6, 'B-TYPE')]
блинчр;[(0, 6, 'B-TYPE')]
перец черный молотый;[(0, 5, 'B-TYPE'), (6, 12, 'B-TYPE'), (13, 20, 'B-TYPE')]
калачи петрохлеб;[(0, 6, 'B-TYPE'), (7, 16, 'B-BRAND')]
яфцо;[(0, 4, 'B-TYPE')]
мамрелад;[(0, 8, 'B-TYPE')]
кабачое;[(0, 7, 'B-TYPE')]
vanatto;[(0, 7, 'B-BRAND')]
бгазировка;[(0, 10, 'B-TYPE')]
сморс;[(0, 5, 'B-TYPE')]
заправка для борщ;[(0, 8, 'B-TYPE')]
коробок;[(0, 7, 'B-TYPE')]
черный пер;[(0, 6, 'B-TYPE'), (7, 10, 'B-TYPE')]
малоежки;[(0, 8, 'B-TYPE')]
аыр;[(0, 3, 'B-TYPE')]
ванилин dr.oetk;[(0, 7, 'B-TYPE'), (8, 15, 'B-BRAND')]
паштет из индейки;[(0, 6, 'B-TYPE')]
одежная фурниту;[(0, 7, 'B-TYPE'), (8, 15, 'B-TYPE')]
круаоа;[(0, 6, 'B-TYPE')]
молко;[(0, 5, 'B-TYPE')]
моркоо;[(0, 6, 'B-TYPE')]
мультивар;[(0, 9, 'B-TYPE')]
копфет;[(0, 6, 'B-TYPE')]
ватоушка;[(0, 8, 'B-TYPE')]
салчнка;[(0, 7, 'B-TYPE')]
hortex череш;[(0, 6, 'B-BRAND'), (7, 12, 'B-TYPE')]
кофт;[(0, 4, 'B-BRAND')]
редис.;[(0, 6, 'B-TYPE')]
рис для каши;[(0, 3, 'B-TYPE')]
колбаса варшавская;[(0, 7, 'B-TYPE'), (8, 18, 'B-TYPE')]
кефии;[(0, 5, 'B-TYPE')]
сметаный нежего;[(0, 8, 'B-TYPE'), (9, 15, 'B-BRAND')]
мясо свинина;[(0, 4, 'B-TYPE'), (5, 12, 'B-TYPE')]
ручки inde;[(0, 5, 'B-TYPE'), (6, 10, 'B-BRAND')]
шерба;[]
скумбрия горячего копчения;[(0, 8, 'B-TYPE'), (9, 17, 'B-TYPE')]
солат;[(0, 5, 'B-TYPE')]
чечевмца;[(0, 8, 'B-TYPE')]
порм;[(0, 4, 'B-TYPE')]
греьешок;[(0, 8, 'B-TYPE')]
maggig;[(0, 6, 'B-BRAND')]
аетчина;[(0, 7, 'B-TYPE')]
гель picnic bab;[(0, 4, 'B-TYPE'), (5, 11, 'B-BRAND'), (12, 15, 'B-BRAND')]
карбооад;[(0, 8, 'B-TYPE')]
сырок творожн.;[(0, 5, 'B-TYPE'), (6, 14, 'B-TYPE')]
фуэ;[(0, 3, 'B-TYPE')]
палочки для зубов;[(0, 7, 'B-TYPE')]
тирамис;[(0, 7, 'B-TYPE')]
buren club;[(0, 5, 'B-TYPE'), (6, 10, 'B-TYPE')]
скумбрия vic;[(0, 8, 'B-TYPE'), (9, 12, 'B-BRAND')]
винооград;[(0, 9, 'B-TYPE')]
альбомов быстро;[(0, 8, 'B-TYPE'), (9, 15, 'B-BRAND')]
фламен;[(0, 6, 'B-TYPE')]
булка с малиной;[(0, 5, 'B-TYPE')]
сок 0,2 литра;[(0, 3, 'B-TYPE'), (4, 7, 'B-VOLUME'), (8, 13, 'B-VOLUME')]
экв;[(0, 3, 'B-TYPE')]
перловая;[(0, 8, 'B-TYPE')]
перепели;[(0, 8, 'B-TYPE')]
зубочистка чистюл;[(0, 10, 'B-TYPE'), (11, 17, 'B-BRAND')]
ретисаяпф;[]
твороженный сыр;[(0, 11, 'B-TYPE'), (12, 15, 'B-TYPE')]
hortex вишн;[(0, 6, 'B-BRAND'), (7, 11, 'B-TYPE')]
булочка с чесноком;[(0, 7, 'B-TYPE')]
морковв;[(0, 7, 'B-TYPE')]
ломтишка;[(0, 8, 'B-TYPE')]
каша беллин;[(0, 4, 'B-TYPE'), (5, 11, 'B-BRAND')]
приправа в кубиках;[(0, 8, 'B-TYPE')]
cсахар;[(0, 6, 'B-TYPE')]
гороше;[(0, 6, 'B-TYPE')]
орыба;[(0, 5, 'B-TYPE')]
польмени;[(0, 8, 'B-TYPE')]
сардины тендер;[(0, 7, 'B-TYPE'), (8, 14, 'B-BRAND')]
колсо;[(0, 5, 'B-TYPE')]
рулет мясная ф;[(0, 5, 'B-TYPE'), (6, 12, 'B-BRAND')]
масло алтайское сливочное;[(0, 5, 'B-TYPE'), (6, 15, 'B-BRAND'), (16, 25, 'B-BRAND')]
листо;[(0, 5, 'B-TYPE')]
язы;[(0, 3, 'B-TYPE')]
грейпфру;[(0, 8, 'B-TYPE')]
сырники мираторг;[(0, 7, 'B-TYPE'), (8, 16, 'B-BRAND')]
переходни;[(0, 9, 'B-TYPE')]
дезоторант;[(0, 10, 'B-TYPE')]
тполотенце;[(0, 10, 'B-TYPE')]
коллекц;[(0, 7, 'B-BRAND')]
йогурт бежин луг;[(0, 6, 'B-TYPE'), (7, 12, 'B-BRAND'), (13, 16, 'B-BRAND')]
соусы;[(0, 5, 'B-TYPE')]
сухогр;[(0, 6, 'B-TYPE')]
raff;[(0, 4, 'B-BRAND')]
разрыхлмиель;[(0, 12, 'B-TYPE')]
напитик;[(0, 7, 'B-TYPE')]
whiskes;[(0, 7, 'B-BRAND')]
приправа для шашлика;[(0, 8, 'B-TYPE')]
лакомства;[(0, 9, 'B-TYPE')]
lutik кукуруз;[(0, 5, 'B-BRAND'), (6, 13, 'B-TYPE')]
грейфрукт;[(0, 9, 'B-TYPE')]
мама лама;[]
коржики;[(0, 7, 'B-TYPE')]
женски нбо;[(0, 6, 'B-TYPE'), (7, 10, 'B-TYPE')]
сокомодержащие;[(0, 14, 'B-TYPE')]
сок граната;[(0, 3, 'B-TYPE'), (4, 11, 'B-TYPE')]
клечаька;[(0, 8, 'B-TYPE')]
ионизаторы воздуха;[(0, 10, 'B-TYPE'), (11, 18, 'B-TYPE')]
корицы парфэ;[(0, 6, 'B-TYPE'), (7, 12, 'B-BRAND')]
дэмка паштетов;[(0, 5, 'B-BRAND'), (6, 14, 'B-TYPE')]
коржи;[(0, 5, 'B-TYPE')]
красное mikado;[(0, 7, 'B-TYPE'), (8, 14, 'B-BRAND')]
с чесноком хлеб;[(11, 15, 'B-TYPE')]
бумажные салфетк;[(0, 8, 'B-TYPE'), (9, 16, 'B-TYPE')]
тимьян kotanyi;[(0, 6, 'B-TYPE'), (7, 14, 'B-BRAND')]
сырокопчена атяше;[(0, 11, 'B-TYPE'), (12, 17, 'B-BRAND')]
корм сухой felix;[(0, 4, 'B-TYPE'), (5, 10, 'B-TYPE'), (11, 16, 'B-BRAND')]
патчи для век;[(0, 5, 'B-TYPE')]
подсолнечноеш;[(0, 13, 'B-TYPE')]
блины сытый папа;[(0, 5, 'B-TYPE'), (12, 16, 'B-BRAND')]
оливки боярин;[(0, 6, 'B-TYPE'), (7, 13, 'B-BRAND')]
икра.;[(0, 5, 'B-TYPE')]
степлеры berlingo;[(0, 8, 'B-TYPE'), (9, 17, 'B-BRAND')]
оливки с ко;[(0, 6, 'B-TYPE')]
сыпки;[(0, 5, 'B-TYPE')]
факелман крыш;[(0, 8, 'B-BRAND'), (9, 13, 'B-TYPE')]
колбаска;[(0, 8, 'B-TYPE')]
средство для полв;[(0, 8, 'B-TYPE')]
сгущёнка варёная;[(0, 8, 'B-TYPE'), (9, 16, 'B-TYPE')]
дезрдорант;[(0, 10, 'B-TYPE')]
вареники чмк;[(0, 8, 'B-TYPE'), (9, 12, 'B-BRAND')]
квас ниагар;[(0, 4, 'B-TYPE'), (5, 11, 'B-BRAND')]
оладушки;[(0, 8, 'B-TYPE')]
bgr;[(0, 3, 'B-BRAND')]
авишка;[(0, 6, 'B-TYPE')]
запеченное;[(0, 10, 'B-TYPE')]
огурцы соленые;[(0, 6, 'B-TYPE'), (7, 14, 'B-TYPE')]
россия хлоп;[(0, 6, 'B-BRAND'), (7, 11, 'B-TYPE')]
удлинитель;[(0, 10, 'B-TYPE')]
напронитель;[(0, 11, 'B-TYPE')]
кабачлк;[(0, 7, 'B-TYPE')]
чапсы;[(0, 5, 'B-TYPE')]
сыекла;[(0, 6, 'B-TYPE')]
сойевый;[(0, 7, 'B-TYPE')]
штопор электрический;[(0, 6, 'B-TYPE'), (7, 20, 'B-TYPE')]
кока кола черноголовка;[(0, 4, 'B-TYPE'), (5, 9, 'B-BRAND'), (10, 22, 'B-BRAND')]
пакет ддя мусора;[(0, 5, 'B-TYPE')]
биокефер;[(0, 8, 'B-TYPE')]
чедер;[(0, 5, 'B-TYPE')]
kotanya;[(0, 7, 'B-BRAND')]
лимонв;[(0, 6, 'B-TYPE')]
заготовки для пицци;[(0, 9, 'B-TYPE')]
молоао;[(0, 6, 'B-TYPE')]
ксртофель;[(0, 9, 'B-TYPE')]
творог мяг;[(0, 6, 'B-TYPE'), (7, 10, 'B-TYPE')]
хлеб пеклеванный;[(0, 4, 'B-TYPE'), (5, 16, 'B-TYPE')]
проклада;[(0, 8, 'B-TYPE')]
лукт;[(0, 4, 'B-TYPE')]
пирожрк;[(0, 7, 'B-TYPE')]
маянез;[(0, 6, 'B-TYPE')]
латук;[(0, 5, 'B-TYPE')]
пылесосов скарлет;[(0, 9, 'B-TYPE'), (10, 17, 'B-BRAND')]
teoc;[(0, 4, 'B-BRAND')]
шрнчка;[(0, 6, 'B-TYPE')]
barrilla;[(0, 8, 'B-BRAND')]
крендельки с солью;[(0, 10, 'B-TYPE')]
скумбария;[(0, 9, 'B-TYPE')]
повид;[(0, 5, 'B-TYPE')]
инкерман шампанское;[(0, 8, 'B-TYPE'), (9, 19, 'B-TYPE')]
элита соу;[(0, 5, 'B-BRAND'), (6, 9, 'B-BRAND')]
онигрри;[(0, 7, 'B-TYPE')]
слоенле;[(0, 7, 'B-TYPE')]
мармелад дольки;[(0, 8, 'B-TYPE'), (9, 15, 'B-TYPE')]
клкбника;[(0, 8, 'B-TYPE')]
приправа для курици;[(0, 8, 'B-TYPE')]
булочки для. бургеров;[(0, 7, 'B-TYPE')]
тесто охлажденное;[(0, 5, 'B-TYPE'), (6, 17, 'B-TYPE')]
зефира сладояр;[(0, 6, 'B-TYPE'), (7, 14, 'B-BRAND')]
стручковая фасоль;[(0, 10, 'B-TYPE'), (11, 17, 'B-TYPE')]
сооомка;[(0, 7, 'B-TYPE')]
пиво без;[(0, 4, 'B-TYPE')]
фильтры для воды;[(0, 7, 'B-TYPE')]
печенье юбилейное;[(0, 7, 'B-TYPE'), (8, 17, 'B-TYPE')]
детская паста;[(0, 7, 'B-TYPE'), (8, 13, 'B-TYPE')]
морьковча;[(0, 9, 'B-TYPE')]
молоко коасная цена;[(0, 6, 'B-TYPE'), (7, 14, 'B-BRAND'), (15, 19, 'B-BRAND')]
классика;[(0, 8, 'B-TYPE')]
зефирный;[(0, 8, 'B-TYPE')]
антарктик криль;[(0, 9, 'B-BRAND'), (10, 15, 'B-TYPE')]
гигиенически;[(0, 12, 'B-TYPE')]
масло totall;[(0, 5, 'B-TYPE'), (6, 12, 'B-TYPE')]
сендвичи;[(0, 8, 'B-TYPE')]
лепешги;[(0, 7, 'B-TYPE')]
свинн;[(0, 5, 'B-TYPE')]
кольцо;[(0, 6, 'B-TYPE')]
аквамиерале;[(0, 11, 'B-TYPE')]
стакан лабиринт;[]
бибо н;[(0, 4, 'B-BRAND'), (5, 6, 'B-BRAND')]
zanussi пылесос;[]
тесто для мант;[(0, 5, 'B-TYPE')]
бланки рядом;[(0, 6, 'B-TYPE'), (7, 12, 'B-BRAND')]
шампун;[(0, 6, 'B-TYPE')]
unico;[]
паста шоколад;[(0, 5, 'B-TYPE'), (6, 13, 'B-TYPE')]
индидайтэ;[(0, 9, 'B-TYPE')]
салат;[(0, 5, 'B-TYPE')]
моркорь;[(0, 7, 'B-TYPE')]
кашас;[(0, 5, 'B-TYPE')]
малосольнве;[(0, 11, 'B-TYPE')]
сам перемена;[(4, 12, 'B-BRAND')]
салатные;[(0, 8, 'B-TYPE')]
сыинина;[(0, 7, 'B-TYPE')]
тушенка алтайская гост;[(0, 7, 'B-TYPE'), (8, 17, 'B-BRAND'), (18, 22, 'B-BRAND')]
ряженко;[(0, 7, 'B-TYPE')]
горчицы yell;[(0, 7, 'B-TYPE'), (8, 12, 'B-BRAND')]
тпмпоны;[(0, 7, 'B-TYPE')]
крвло;[(0, 5, 'B-TYPE')]
трубочка лимак;[(0, 8, 'B-TYPE'), (9, 14, 'B-BRAND')]
сметеанв;[(0, 8, 'B-TYPE')]
фругурь;[(0, 7, 'B-TYPE')]
шроты;[(0, 5, 'B-TYPE')]
тан ситно;[(0, 3, 'B-TYPE'), (4, 9, 'B-BRAND')]
шарфы, паланти;[(0, 6, 'B-TYPE'), (7, 14, 'B-TYPE')]
пимодоры;[(0, 8, 'B-TYPE')]
туалетеная;[(0, 10, 'B-TYPE')]
сврцееды;[(0, 8, 'B-TYPE')]
кастрюль essa;[(0, 8, 'B-TYPE'), (9, 13, 'B-BRAND')]
икра пиканта;[(0, 4, 'B-TYPE'), (5, 12, 'B-BRAND')]
алс;[(0, 3, 'B-BRAND')]
каштрюля;[(0, 8, 'B-TYPE')]
сгущек;[(0, 6, 'B-TYPE')]
dr.bakers разрыхлител;[(0, 9, 'B-BRAND'), (10, 21, 'B-TYPE')]
специи для салатов;[(0, 6, 'B-TYPE')]
сельдь oce;[(0, 6, 'B-TYPE'), (7, 10, 'B-BRAND')]
кокосов;[(0, 7, 'B-TYPE')]
курицаэ;[(0, 7, 'B-TYPE')]
джелуди;[(0, 7, 'B-TYPE')]
баклажан sladko;[(0, 8, 'B-TYPE'), (9, 15, 'B-BRAND')]
bitter;[]
сардельки с сыром;[(0, 9, 'B-TYPE')]
средства гигиены;[(0, 8, 'B-TYPE'), (9, 16, 'B-TYPE')]
пооотенца;[(0, 9, 'B-TYPE')]
творожныйх;[(0, 10, 'B-TYPE')]
рулет с лимоном;[(0, 5, 'B-TYPE')]
антиперспрерант;[(0, 15, 'B-TYPE')]
принте;[(0, 6, 'B-TYPE')]
уонсервы;[(0, 8, 'B-TYPE')]
солфетк;[(0, 7, 'B-TYPE')]
осетроые;[(0, 8, 'B-TYPE')]
панамы bambul;[(0, 6, 'B-TYPE'), (7, 13, 'B-BRAND')]
чародейка;[(0, 9, 'B-TYPE')]
см4тана;[(0, 7, 'B-TYPE')]
картафель;[(0, 9, 'B-TYPE')]
пнмидоры;[(0, 8, 'B-TYPE')]
тостер;[(0, 6, 'B-TYPE')]
осежитель;[(0, 9, 'B-TYPE')]
велком;[(0, 6, 'B-BRAND')]
каппучино;[(0, 9, 'B-TYPE')]
солодовый;[(0, 9, 'B-TYPE')]
папайя;[(0, 6, 'B-TYPE')]
прочие мясорастительн;[(0, 6, 'B-TYPE'), (7, 21, 'B-TYPE')]
цикорий вкус&польза;[(0, 7, 'B-TYPE'), (8, 19, 'B-BRAND')]
свр плав;[(0, 3, 'B-TYPE'), (4, 8, 'B-TYPE')]
печеньез;[(0, 8, 'B-TYPE')]
сохи;[(0, 4, 'B-TYPE')]
травяной;[(0, 8, 'B-TYPE')]
багеат;[(0, 6, 'B-TYPE')]
впмькино;[(0, 8, 'B-TYPE')]
крахмвл;[(0, 7, 'B-TYPE')]
фаршо;[(0, 5, 'B-TYPE')]
терьяк;[(0, 6, 'B-TYPE')]
кофе в пакетике;[(0, 4, 'B-TYPE')]
огурцын;[(0, 7, 'B-TYPE')]
яичики;[(0, 6, 'B-TYPE')]
мерисы подгузник;[(0, 6, 'B-BRAND'), (7, 16, 'B-TYPE')]
слойка с начинкой;[(0, 6, 'B-TYPE')]
огврцы;[(0, 6, 'B-TYPE')]
шпикачка;[(0, 8, 'B-TYPE')]
lavazza;[]
пиво специально;[(0, 4, 'B-TYPE'), (5, 15, 'B-TYPE')]
пирожки с яблоком;[(0, 7, 'B-TYPE')]
садовый инвентар;[(0, 7, 'B-TYPE'), (8, 16, 'B-TYPE')]
помидои;[(0, 7, 'B-TYPE')]
снмечки;[(0, 7, 'B-TYPE')]
акваминерале;[(0, 12, 'B-BRAND')]
гольфы pompea;[(0, 6, 'B-TYPE'), (7, 13, 'B-BRAND')]
корицей производство;[(0, 7, 'B-TYPE'), (8, 20, 'B-BRAND')]
палочка перекрест;[(0, 7, 'B-TYPE'), (8, 17, 'B-BRAND')]
coisine;[(0, 7, 'B-TYPE')]
chi;[]
сады придо;[(0, 4, 'B-BRAND'), (5, 10, 'B-BRAND')]
классичекийхлеб;[]
картощшка;[(0, 9, 'B-TYPE')]
молеко;[(0, 6, 'B-TYPE')]
производство морко;[(0, 12, 'B-BRAND'), (13, 18, 'B-TYPE')]
печенье имбирное;[(0, 7, 'B-TYPE'), (8, 16, 'B-TYPE')]
молочной коктейль;[(0, 8, 'B-TYPE'), (9, 17, 'B-TYPE')]
в маринад;[(0, 1, 'B-TYPE'), (2, 9, 'B-TYPE')]
нуга pet;[(0, 4, 'B-TYPE'), (5, 8, 'B-BRAND')]
chokoline;[(0, 9, 'B-BRAND')]
яйцу;[(0, 4, 'B-TYPE')]
sanbonsay;[(0, 9, 'B-BRAND')]
плавленыц;[(0, 9, 'B-TYPE')]
мрковь;[(0, 6, 'B-TYPE')]
гощировка;[(0, 9, 'B-TYPE')]
первые блюд;[(0, 6, 'B-TYPE'), (7, 11, 'B-TYPE')]
кастрюли els;[(0, 8, 'B-TYPE'), (9, 12, 'B-BRAND')]
сдоба кристал;[(0, 5, 'B-TYPE'), (6, 13, 'B-BRAND')]
шишк;[(0, 4, 'B-TYPE')]
см5тана;[(0, 7, 'B-TYPE')]
салфетке;[(0, 8, 'B-TYPE')]
бальзамимический;[(0, 16, 'B-TYPE')]
холоы;[(0, 5, 'B-TYPE')]
туалентная;[(0, 10, 'B-TYPE')]
always ultra оран;[(0, 6, 'B-BRAND')]
паутинка;[(0, 8, 'B-TYPE')]
ясневая;[(0, 7, 'B-TYPE')]
шурупоеврты;[(0, 11, 'B-TYPE')]
пастеризованное ромашкино;[(0, 15, 'B-TYPE'), (16, 25, 'B-BRAND')]
гель прочи;[(0, 4, 'B-TYPE'), (5, 10, 'B-TYPE')]
кунжутно;[(0, 8, 'B-TYPE')]
филевскок;[(0, 9, 'B-TYPE')]
emborg трески;[(0, 6, 'B-BRAND'), (7, 13, 'B-TYPE')]
snax;[(0, 4, 'B-TYPE')]
смитан;[(0, 6, 'B-TYPE')]
егурт питьевой;[(0, 5, 'B-TYPE'), (6, 14, 'B-TYPE')]
шаурма с к;[(0, 6, 'B-TYPE')]
мореока по корейски;[(0, 7, 'B-TYPE')]
оель для стирки;[(0, 4, 'B-TYPE')]
свл;[(0, 3, 'B-TYPE')]
кокуруза;[(0, 8, 'B-TYPE')]
тмин мэтр;[(5, 9, 'B-BRAND')]
переправ для шашлыка;[(0, 8, 'B-TYPE')]
garner ructi;[(0, 6, 'B-BRAND'), (7, 12, 'B-TYPE')]
агрокомплекс горчиц;[(0, 12, 'B-BRAND'), (13, 19, 'B-TYPE')]
золотой колос;[(0, 7, 'B-TYPE'), (8, 13, 'B-BRAND')]
твердое мы;[(0, 7, 'B-TYPE'), (8, 10, 'B-TYPE')]
креветками;[(0, 10, 'B-TYPE')]
архимед стаканы;[(0, 7, 'B-BRAND'), (8, 15, 'B-TYPE')]
кетчуп махеевъ татарский;[(0, 6, 'B-TYPE'), (7, 14, 'B-BRAND'), (15, 24, 'B-TYPE')]
красное;[(0, 7, 'B-TYPE')]
туги;[(0, 4, 'B-TYPE')]
энерджи;[(0, 7, 'B-BRAND')]
кролика охлажденный;[(0, 7, 'B-TYPE'), (8, 19, 'B-TYPE')]
варенец останкинский;[(0, 7, 'B-TYPE'), (8, 20, 'B-BRAND')]
печений;[(0, 7, 'B-TYPE')]
ежедневного;[(0, 11, 'B-TYPE')]
дезорант;[(0, 8, 'B-TYPE')]
орлик;[(0, 5, 'B-BRAND')]
желудочки;[(0, 9, 'B-TYPE')]
гурец;[(0, 5, 'B-TYPE')]
виоград;[(0, 7, 'B-TYPE')]
лакт;[(0, 4, 'B-TYPE')]
m&m;[(0, 3, 'B-BRAND')]
ветичина;[(0, 8, 'B-TYPE')]
сливкил;[(0, 7, 'B-TYPE')]
вафельки;[(0, 8, 'B-TYPE')]
смест для оладий;[(0, 5, 'B-TYPE')]
йогкурт;[(0, 7, 'B-TYPE')]
jarko крышк;[(0, 5, 'B-BRAND'), (6, 11, 'B-TYPE')]
очаковский;[(0, 10, 'B-BRAND')]
сок для малышей;[(0, 3, 'B-TYPE')]
прмлонья;[(0, 8, 'B-TYPE')]
масло сливочное экомилк;[(0, 5, 'B-TYPE'), (6, 15, 'B-TYPE'), (16, 23, 'B-BRAND')]
venus;[(0, 5, 'B-BRAND')]
шоколадка aplen gold;[(0, 9, 'B-TYPE'), (10, 15, 'B-BRAND'), (16, 20, 'B-BRAND')]
паштёты;[(0, 7, 'B-TYPE')]
сальфетки;[(0, 9, 'B-TYPE')]
tresemme;[(0, 8, 'B-BRAND')]
протеиновой;[(0, 11, 'B-TYPE')]
сухарики багет;[(0, 8, 'B-TYPE'), (9, 14, 'B-TYPE')]
положи garden;[(0, 6, 'B-BRAND'), (7, 13, 'B-BRAND')]
оливкикмаслины;[(0, 14, 'B-TYPE')]
огуре;[(0, 5, 'B-TYPE')]
ветчига;[(0, 7, 'B-TYPE')]
сосис. св;[(0, 6, 'B-TYPE'), (7, 9, 'B-TYPE')]
пасхальный;[(0, 10, 'B-TYPE')]
зубачистик;[(0, 10, 'B-TYPE')]
пампини;[(0, 7, 'B-TYPE')]
хлопья с молоком;[(0, 6, 'B-TYPE')]
подушечки leonar;[(0, 9, 'B-TYPE'), (10, 16, 'B-BRAND')]
фруктовая пюр;[(0, 9, 'B-TYPE'), (10, 13, 'B-TYPE')]
сыра плавленный;[(0, 4, 'B-TYPE'), (5, 15, 'B-TYPE')]
ecotab;[(0, 6, 'B-BRAND')]
пюре груша;[(0, 4, 'B-TYPE'), (5, 10, 'B-TYPE')]
тесто на чебу;[(0, 5, 'B-TYPE')]
бумажный пак;[(0, 8, 'B-TYPE'), (9, 12, 'B-TYPE')]
сыром;[(0, 5, 'B-TYPE')]
йог;[(0, 3, 'B-TYPE')]
задивное;[(0, 8, 'B-TYPE')]
есентуки вы вы;[(0, 8, 'B-TYPE')]
шампвнь;[(0, 7, 'B-TYPE')]
фермерски;[(0, 9, 'B-TYPE')]
рулет из говядины;[(0, 5, 'B-TYPE')]
дамлинги;[(0, 8, 'B-BRAND')]
фитнес багет;[(0, 6, 'B-TYPE'), (7, 12, 'B-TYPE')]
редиску;[(0, 7, 'B-TYPE')]
холоюдец;[(0, 8, 'B-TYPE')]
чайник электрический;[(0, 6, 'B-TYPE'), (7, 20, 'B-TYPE')]
тостеры;[(0, 7, 'B-TYPE')]
прочие снэки;[(0, 6, 'B-TYPE'), (7, 12, 'B-TYPE')]
зеленогра;[(0, 9, 'B-TYPE')]
ночная каша;[(0, 6, 'B-TYPE'), (7, 11, 'B-TYPE')]
болакт;[(0, 6, 'B-TYPE')]
губки univers;[(0, 5, 'B-TYPE'), (6, 13, 'B-BRAND')]
pupia;[(0, 5, 'B-BRAND')]
приправа для кортофеля;[(0, 8, 'B-TYPE')]
соевый со;[(0, 6, 'B-TYPE'), (7, 9, 'B-TYPE')]
блины с кур;[(0, 5, 'B-TYPE')]
микс ric;[(0, 4, 'B-TYPE'), (5, 8, 'B-BRAND')]
lite;[]
огурлцы;[(0, 7, 'B-TYPE')]
маринованный lora;[(0, 12, 'B-TYPE'), (13, 17, 'B-BRAND')]
flamenc;[(0, 7, 'B-TYPE')]
гари;[(0, 4, 'B-TYPE')]
кофе лебо;[(0, 4, 'B-TYPE'), (5, 9, 'B-TYPE')]
дошира;[(0, 6, 'B-TYPE')]
каша bistrov;[(0, 4, 'B-TYPE'), (5, 12, 'B-TYPE')]
со4;[(0, 3, 'B-TYPE')]
скумбрия пингвин;[(0, 8, 'B-TYPE'), (9, 16, 'B-BRAND')]
редис белоручка;[(0, 5, 'B-TYPE'), (6, 15, 'B-BRAND')]
шампуин;[(0, 7, 'B-TYPE')]
мясная ферма;[(0, 6, 'B-BRAND'), (7, 12, 'B-BRAND')]
специя для борща;[(0, 6, 'B-TYPE')]
мыльные;[(0, 7, 'B-TYPE')]
панировоч;[(0, 9, 'B-TYPE')]
масло рафинированное;[(0, 5, 'B-TYPE'), (6, 20, 'B-TYPE')]
печенье фруто;[(0, 7, 'B-TYPE'), (8, 13, 'B-BRAND')]
paltt;[(0, 5, 'B-BRAND')]
сады прид;[(0, 4, 'B-BRAND'), (5, 9, 'B-BRAND')]
подушек disn;[(0, 7, 'B-TYPE'), (8, 12, 'B-BRAND')]
замороженная вишня;[(0, 12, 'B-TYPE'), (13, 18, 'B-TYPE')]
бисквитное;[(0, 10, 'B-TYPE')]
яйх;[(0, 3, 'B-TYPE')]
сппагети;[(0, 8, 'B-TYPE')]
mentos;[(0, 6, 'B-BRAND')]
эклеров колиб;[(0, 7, 'B-TYPE'), (8, 13, 'B-BRAND')]
свинина по домашнему;[(0, 7, 'B-TYPE'), (8, 10, 'B-TYPE'), (11, 20, 'B-TYPE')]
мумага;[(0, 6, 'B-TYPE')]
шпик рамфуд;[(0, 4, 'B-TYPE'), (5, 11, 'B-BRAND')]
сывороточны;[(0, 11, 'B-TYPE')]
грудку;[(0, 6, 'B-TYPE')]
ovelluro;[]
шнице;[(0, 5, 'B-TYPE')]
chocko;[(0, 6, 'B-BRAND')]
печентк;[(0, 7, 'B-TYPE')]
древнсный;[(0, 9, 'B-TYPE')]
ацидофильнйы;[(0, 12, 'B-TYPE')]
карамель пр!;[(0, 8, 'B-TYPE'), (9, 12, 'B-BRAND')]
икра осетров;[(0, 4, 'B-TYPE'), (5, 12, 'B-TYPE')]
молоко топлёное;[(0, 6, 'B-TYPE'), (7, 15, 'B-TYPE')]
творожный свр;[(0, 9, 'B-TYPE'), (10, 13, 'B-TYPE')]
ма;[]
комфорт подуш;[(0, 7, 'B-BRAND'), (8, 13, 'B-TYPE')]
сыров мягк;[(0, 5, 'B-TYPE'), (6, 10, 'B-TYPE')]
арахим;[(0, 6, 'B-TYPE')]
шоколд;[(0, 6, 'B-TYPE')]
журналы умка;[(0, 7, 'B-TYPE'), (8, 12, 'B-BRAND')]
батончик без сахара;[(0, 8, 'B-TYPE')]
виски 3;[(0, 5, 'B-TYPE'), (6, 7, 'B-PERCENT')]
трусики marabu;[(0, 7, 'B-TYPE'), (8, 14, 'B-BRAND')]
булочна;[(0, 7, 'B-TYPE')]
невские;[(0, 7, 'B-TYPE')]
физалис;[(0, 7, 'B-TYPE')]
пастилы если;[(0, 7, 'B-TYPE')]
сушено-вяленный;[(0, 15, 'B-TYPE')]
ирис с;[(0, 4, 'B-TYPE')]
сухой корм;[(0, 5, 'B-TYPE'), (6, 10, 'B-TYPE')]
куриное;[(0, 7, 'B-TYPE')]
селедд;[(0, 6, 'B-TYPE')]
аленушка;[(0, 8, 'B-BRAND')]
крекер вв;[(0, 6, 'B-TYPE'), (7, 9, 'B-BRAND')]
уксос;[(0, 5, 'B-TYPE')]
прочий сироп;[(0, 6, 'B-TYPE'), (7, 12, 'B-TYPE')]
простаквашено;[(0, 13, 'B-TYPE')]
докторскся;[(0, 10, 'B-TYPE')]
грейпфрут производст;[(0, 9, 'B-TYPE'), (10, 20, 'B-BRAND')]
лапша быстрого приготовления;[(0, 5, 'B-TYPE'), (6, 14, 'B-TYPE'), (15, 28, 'B-TYPE')]
гель ддя душа;[(0, 4, 'B-TYPE')]
овсяное;[(0, 7, 'B-TYPE')]
мукаы;[(0, 5, 'B-TYPE')]
тендер хе;[(0, 6, 'B-BRAND'), (7, 9, 'B-TYPE')]
мед пути;[(0, 3, 'B-TYPE'), (4, 8, 'B-BRAND')]
салат листья;[(0, 5, 'B-TYPE'), (6, 12, 'B-TYPE')]
жевачка арбуз;[(0, 7, 'B-TYPE'), (8, 13, 'B-TYPE')]
сухарь пр!с;[(0, 6, 'B-TYPE'), (7, 11, 'B-BRAND')]
кофе растворимый сублимированный;[(0, 4, 'B-TYPE'), (5, 16, 'B-TYPE'), (17, 32, 'B-TYPE')]
яипсы;[(0, 5, 'B-TYPE')]
kerlly;[(0, 6, 'B-BRAND')]
млрковка;[(0, 8, 'B-TYPE')]
капуста пекинская;[(0, 7, 'B-TYPE'), (8, 17, 'B-TYPE')]
питайя;[(0, 6, 'B-TYPE')]
сырки творожны;[(0, 5, 'B-TYPE'), (6, 14, 'B-TYPE')]
водоро;[(0, 6, 'B-TYPE')]
авакадл;[(0, 7, 'B-TYPE')]
дрожжис;[(0, 7, 'B-TYPE')]
barillia;[(0, 8, 'B-BRAND')]
сдобы черемушки;[(0, 5, 'B-TYPE'), (6, 15, 'B-BRAND')]
лук з;[(0, 3, 'B-TYPE'), (4, 5, 'B-TYPE')]
palmo;[(0, 5, 'B-BRAND')]
рахрыхлитель;[(0, 12, 'B-TYPE')]
шоколад девушка детям;[(0, 7, 'B-TYPE')]
колбасные;[(0, 9, 'B-TYPE')]
премиум;[(0, 7, 'B-BRAND')]
гречз;[(0, 5, 'B-TYPE')]
семена кунжута;[(0, 6, 'B-TYPE'), (7, 14, 'B-TYPE')]
книги стрекоз;[(0, 5, 'B-TYPE'), (6, 13, 'B-BRAND')]
яблоко сезонное;[(0, 6, 'B-TYPE'), (7, 15, 'B-TYPE')]
мрдиа;[(0, 5, 'B-TYPE')]
мороженоое;[(0, 10, 'B-TYPE')]
чай зеленый липтон;[(0, 3, 'B-TYPE'), (4, 11, 'B-TYPE'), (12, 18, 'B-BRAND')]
ууа;[(0, 3, 'B-TYPE')]
утреннеее;[(0, 9, 'B-TYPE')]
yax суфле;[(0, 3, 'B-BRAND'), (4, 9, 'B-TYPE')]
мйонез;[(0, 6, 'B-TYPE')]
рогалик курскхлеб;[(0, 7, 'B-TYPE'), (8, 17, 'B-BRAND')]
хлеб батон нарезка;[(0, 4, 'B-TYPE'), (5, 10, 'B-TYPE')]
lipton;[(0, 6, 'B-BRAND')]
осетинский рассольны;[(0, 10, 'B-TYPE'), (11, 20, 'B-TYPE')]
био баланс;[(0, 3, 'B-BRAND'), (4, 10, 'B-TYPE')]
bacardi ром;[(0, 7, 'B-BRAND'), (8, 11, 'B-TYPE')]
korner;[(0, 6, 'B-BRAND')]
полотенце бумажное;[(0, 9, 'B-TYPE'), (10, 18, 'B-TYPE')]
баранкт;[(0, 7, 'B-TYPE')]
хлопя;[(0, 5, 'B-TYPE')]
пивной нефильтрованны;[(0, 6, 'B-TYPE'), (7, 21, 'B-TYPE')]
шоколадное яйцо;[(0, 10, 'B-TYPE'), (11, 15, 'B-TYPE')]
разрыхтитель;[(0, 12, 'B-TYPE')]
студни;[(0, 6, 'B-TYPE')]
фунчозащ;[(0, 8, 'B-TYPE')]
salton стельк;[]
kontex;[(0, 6, 'B-BRAND')]
птиц;[(0, 4, 'B-TYPE')]
белкзна;[(0, 7, 'B-TYPE')]
кфир;[(0, 4, 'B-TYPE')]
конфил;[(0, 6, 'B-BRAND')]
cykoria укроп;[(0, 7, 'B-BRAND'), (8, 13, 'B-TYPE')]
гулки;[(0, 5, 'B-TYPE')]
дезодорант от пота;[(0, 10, 'B-TYPE')]
спхари;[(0, 6, 'B-TYPE')]
кисель;[(0, 6, 'B-TYPE')]
сласт;[(0, 5, 'B-TYPE')]
мокровеа;[(0, 8, 'B-TYPE')]
boom тетрад;[(0, 4, 'B-BRAND'), (5, 11, 'B-TYPE')]
шампиньонв;[(0, 10, 'B-TYPE')]
салфеткир;[(0, 9, 'B-TYPE')]
молорко;[(0, 7, 'B-TYPE')]
кунжутные;[(0, 9, 'B-TYPE')]
капсулв;[(0, 7, 'B-TYPE')]
вода минеральная без газа;[(0, 4, 'B-TYPE'), (5, 16, 'B-TYPE')]
биолаклт;[(0, 8, 'B-TYPE')]
ножи кухонные;[]
горошне;[(0, 7, 'B-TYPE')]
люминарк чашк;[(0, 8, 'B-BRAND'), (9, 13, 'B-TYPE')]
сарделики;[(0, 9, 'B-TYPE')]
лимоно;[(0, 6, 'B-TYPE')]
кокьейль;[(0, 8, 'B-TYPE')]
svip совок;[(0, 4, 'B-BRAND'), (5, 10, 'B-TYPE')]
ситно кум;[(0, 5, 'B-BRAND'), (6, 9, 'B-TYPE')]
мрооко;[(0, 6, 'B-TYPE')]
узван;[(0, 5, 'B-TYPE')]
йогурт вкус и польза;[(0, 6, 'B-TYPE'), (7, 11, 'B-BRAND'), (12, 13, 'B-BRAND'), (14, 20, 'B-BRAND')]
пастилы marve;[(0, 7, 'B-TYPE'), (8, 13, 'B-BRAND')]
оес;[(0, 3, 'B-TYPE')]
сленая;[(0, 6, 'B-TYPE')]
шоколадный батончик с кремом;[(0, 10, 'B-TYPE'), (11, 19, 'B-TYPE')]
гримы, гуммоз;[(0, 6, 'B-TYPE'), (7, 13, 'B-TYPE')]
кастрюли else;[(0, 8, 'B-TYPE'), (9, 13, 'B-BRAND')]
пармеза;[(0, 7, 'B-BRAND')]
тертые помидоры;[(0, 6, 'B-TYPE'), (7, 15, 'B-TYPE')]
бумажные полот;[(0, 8, 'B-TYPE'), (9, 14, 'B-TYPE')]
лаваш сырный;[(0, 5, 'B-TYPE'), (6, 12, 'B-TYPE')]
голень;[(0, 6, 'B-TYPE')]
онтенны;[]
простыни toga;[(0, 8, 'B-TYPE'), (9, 13, 'B-BRAND')]
нонфеты;[(0, 7, 'B-TYPE')]
соль с пониж;[(0, 4, 'B-TYPE')]
майонер;[(0, 7, 'B-TYPE')]
варено-копчен;[(0, 13, 'B-TYPE')]
альтеро;[(0, 7, 'B-TYPE')]
пюре говядина;[(0, 4, 'B-TYPE'), (5, 13, 'B-TYPE')]
хрумстик;[(0, 8, 'B-TYPE')]
изюм;[(0, 4, 'B-TYPE')]
слифки;[(0, 6, 'B-TYPE')]
кефир.;[(0, 6, 'B-TYPE')]
средство для стëкол;[(0, 8, 'B-TYPE')]
столовая;[(0, 8, 'B-TYPE')]
пекинская капуста;[(0, 9, 'B-TYPE'), (10, 17, 'B-TYPE')]
моркгвь;[(0, 7, 'B-TYPE')]
крышки;[(0, 6, 'B-TYPE')]
брокколом;[(0, 9, 'B-TYPE')]
тефтел;[(0, 6, 'B-TYPE')]
охлажденка;[(0, 10, 'B-TYPE')]
соль для пос;[(0, 4, 'B-TYPE')]
кукурузой;[(0, 9, 'B-TYPE')]
мандартн;[(0, 8, 'B-TYPE')]
булгуо;[(0, 6, 'B-TYPE')]
заливны;[(0, 7, 'B-TYPE')]
ванта;[(0, 5, 'B-BRAND')]
фейри;[(0, 5, 'B-TYPE')]
жмдкость;[(0, 8, 'B-TYPE')]
котлета рубленная из курицы;[(0, 7, 'B-TYPE'), (8, 17, 'B-TYPE')]
тан свитлогор;[(0, 3, 'B-TYPE'), (4, 13, 'B-BRAND')]
салетка;[(0, 7, 'B-TYPE')]
taratelle;[]
кастрюли luminarc;[(0, 8, 'B-TYPE'), (9, 17, 'B-BRAND')]
пилигр;[(0, 6, 'B-TYPE')]
коробка ам нямы;[(0, 7, 'B-TYPE'), (8, 10, 'B-BRAND')]
ацидофилин вятушк;[(0, 10, 'B-TYPE'), (11, 17, 'B-BRAND')]
гель synergetic;[(0, 4, 'B-TYPE'), (5, 15, 'B-BRAND')]
энэргетикэ;[(0, 10, 'B-TYPE')]
булка с отру;[(0, 5, 'B-TYPE')]
краска для головы;[(0, 6, 'B-TYPE')]
пензенский шпикачки;[(0, 10, 'B-BRAND'), (11, 19, 'B-TYPE')]
одноразовые тарелки;[(0, 11, 'B-TYPE'), (12, 19, 'B-TYPE')]
капаста;[(0, 7, 'B-TYPE')]
глазированые сырки;[(0, 12, 'B-TYPE'), (13, 18, 'B-TYPE')]
bora;[]
хлеб чесночный;[(0, 4, 'B-TYPE'), (5, 14, 'B-TYPE')]
bakers;[(0, 6, 'B-BRAND')]
turatt;[(0, 6, 'B-BRAND')]
напиток вкус на;[(0, 7, 'B-TYPE')]
сулугуми;[(0, 8, 'B-TYPE')]
морлженле;[(0, 9, 'B-TYPE')]
облепиха horte;[(0, 8, 'B-TYPE'), (9, 14, 'B-BRAND')]
сок 2 литра;[(0, 3, 'B-TYPE'), (4, 5, 'B-VOLUME'), (6, 11, 'B-VOLUME')]
рсоря;[(0, 5, 'B-TYPE')]
паштет печёночный;[(0, 6, 'B-TYPE'), (7, 17, 'B-TYPE')]
тесто для пель;[(0, 5, 'B-TYPE')]
сахарзаменитель;[(0, 15, 'B-TYPE')]
жеватеоьная;[(0, 11, 'B-TYPE')]
сырок творожный с ванилином;[(0, 5, 'B-TYPE'), (6, 15, 'B-TYPE')]
лмонад;[(0, 6, 'B-TYPE')]
паприеа;[(0, 7, 'B-TYPE')]
ячненная;[(0, 8, 'B-TYPE')]
кильку;[(0, 6, 'B-TYPE')]
маковка;[(0, 7, 'B-TYPE')]
фаго;[(0, 4, 'B-TYPE')]
вйца;[(0, 4, 'B-TYPE')]
персихи;[(0, 7, 'B-TYPE')]
протейновые;[(0, 11, 'B-TYPE')]
mini;[(0, 4, 'B-BRAND')]
груша artfrui;[(0, 5, 'B-TYPE'), (6, 13, 'B-BRAND')]
булоочка;[(0, 8, 'B-TYPE')]
пр!ст виш;[(0, 5, 'B-BRAND'), (6, 9, 'B-TYPE')]
паста без фтора;[(0, 5, 'B-TYPE')]
огрыцы;[(0, 6, 'B-TYPE')]
сельдь красная цена;[(0, 6, 'B-TYPE'), (7, 14, 'B-BRAND'), (15, 19, 'B-BRAND')]
bar;[(0, 3, 'B-BRAND')]
мармалад;[(0, 8, 'B-TYPE')]
суббпродукты;[(0, 12, 'B-TYPE')]
трусы инканто;[(0, 5, 'B-TYPE'), (6, 13, 'B-BRAND')]
колты заморженная;[(0, 5, 'B-TYPE'), (6, 17, 'B-TYPE')]
шампиньрны;[(0, 10, 'B-TYPE')]
селдь слабсоленое;[(0, 5, 'B-TYPE'), (6, 17, 'B-TYPE')]
бюстгальтер милавиц;[(0, 11, 'B-TYPE'), (12, 19, 'B-BRAND')]
vips;[(0, 4, 'B-BRAND')]
филе ципленка;[(0, 4, 'B-TYPE'), (5, 13, 'B-TYPE')]
крыл;[(0, 4, 'B-TYPE')]
маковый;[(0, 7, 'B-TYPE')]
минеральная вода кармадон;[(0, 11, 'B-TYPE'), (12, 16, 'B-TYPE'), (17, 25, 'B-BRAND')]
extra;[]
americano;[]
кулинарные изделия;[(0, 10, 'B-TYPE'), (11, 18, 'B-TYPE')]
ломьик;[(0, 6, 'B-TYPE')]
актиме;[(0, 6, 'B-TYPE')]
периерийныестройства;[(0, 20, 'B-TYPE')]
сардину;[(0, 7, 'B-TYPE')]
chockop;[(0, 7, 'B-BRAND')]
хлеб 8 злаков;[(0, 4, 'B-TYPE'), (5, 6, 'B-TYPE'), (7, 13, 'B-TYPE')]
печенье молочное;[(0, 7, 'B-TYPE'), (8, 16, 'B-TYPE')]
рулетн;[(0, 6, 'B-TYPE')]
малиновое;[(0, 9, 'B-TYPE')]
ежевика тенд;[(0, 7, 'B-TYPE'), (8, 12, 'B-BRAND')]
сахап;[(0, 5, 'B-TYPE')]
какао с.пудовъ;[(0, 5, 'B-TYPE'), (6, 14, 'B-BRAND')]
авокато;[(0, 7, 'B-TYPE')]
бито;[(0, 4, 'B-TYPE')]
печёночн;[(0, 8, 'B-TYPE')]
яйцн;[(0, 4, 'B-TYPE')]
кондиционе;[(0, 10, 'B-TYPE')]
сахарный песок 5кг;[(0, 8, 'B-TYPE'), (9, 14, 'B-TYPE'), (15, 18, 'B-VOLUME')]
конфеты с маком;[(0, 7, 'B-TYPE')]
pediasure;[(0, 9, 'B-BRAND')]
капуск;[(0, 6, 'B-TYPE')]
зерн;[(0, 4, 'B-TYPE')]
переноски дарэ;[(0, 9, 'B-TYPE'), (10, 14, 'B-BRAND')]
смесь гавайская;[(0, 5, 'B-TYPE'), (6, 15, 'B-TYPE')]
сахатаблетки в унитаз;[]
зубных щеток;[(0, 6, 'B-TYPE'), (7, 12, 'B-TYPE')]
скумбрия магур;[(0, 8, 'B-TYPE'), (9, 14, 'B-BRAND')]
сосискиэ;[(0, 8, 'B-TYPE')]
стрючковая;[(0, 10, 'B-TYPE')]
кунчут;[]
пеленк;[(0, 6, 'B-TYPE')]
пертрушка;[(0, 9, 'B-TYPE')]
сидр афанаси;[(0, 4, 'B-TYPE'), (5, 12, 'B-BRAND')]
стевиия;[(0, 7, 'B-TYPE')]
порошек стиральный;[(0, 7, 'B-TYPE'), (8, 18, 'B-TYPE')]
заливна;[(0, 7, 'B-TYPE')]
тан милково;[(0, 3, 'B-TYPE'), (4, 11, 'B-BRAND')]
отвертка у;[(0, 8, 'B-TYPE'), (9, 10, 'B-BRAND')]
багетй;[(0, 6, 'B-TYPE')]
маршмаллоу;[(0, 10, 'B-TYPE')]
прочая посуда;[(0, 6, 'B-TYPE'), (7, 13, 'B-TYPE')]
сэндвечи;[(0, 8, 'B-TYPE')]
смесь;[(0, 5, 'B-TYPE')]
памидор;[(0, 7, 'B-TYPE')]
борщу;[(0, 5, 'B-TYPE')]
растишк;[(0, 7, 'B-TYPE')]
исухарики;[(0, 9, 'B-TYPE')]
вафли с шоколадом;[(0, 5, 'B-TYPE')]
творог моч цена;[(0, 6, 'B-TYPE'), (7, 10, 'B-BRAND'), (11, 15, 'B-BRAND')]
миксбар;[(0, 7, 'B-TYPE')]
салатный;[(0, 8, 'B-TYPE')]
соусы абрико;[(0, 5, 'B-TYPE'), (6, 12, 'B-BRAND')]
блоки для туалета;[(0, 5, 'B-TYPE')]
конфеты суф;[(0, 7, 'B-TYPE'), (8, 11, 'B-TYPE')]
сушки мелкие с сыром;[(0, 5, 'B-TYPE'), (6, 12, 'B-TYPE')]
мороженое первый вкус;[(0, 9, 'B-TYPE'), (10, 16, 'B-BRAND'), (17, 21, 'B-BRAND')]
абуз;[(0, 4, 'B-TYPE')]
водо;[(0, 4, 'B-TYPE')]
одеяла violet;[(0, 6, 'B-TYPE'), (7, 13, 'B-BRAND')]
бак;[(0, 3, 'B-TYPE')]
смета6а;[(0, 7, 'B-TYPE')]
бублики сибхле;[(0, 7, 'B-TYPE'), (8, 14, 'B-BRAND')]
крем jundo;[(0, 4, 'B-TYPE'), (5, 10, 'B-BRAND')]
спорт;[(0, 5, 'B-TYPE')]
мираторг купа;[(0, 8, 'B-BRAND'), (9, 13, 'B-TYPE')]
белая ст;[(0, 5, 'B-TYPE'), (6, 8, 'B-BRAND')]
жвачку;[(0, 6, 'B-TYPE')]
centrum степл;[(0, 7, 'B-BRAND'), (8, 13, 'B-TYPE')]
молоко без глютена;[(0, 6, 'B-TYPE')]
sunfeel олива;[(0, 7, 'B-BRAND'), (8, 13, 'B-TYPE')]
чеснра;[(0, 6, 'B-TYPE')]
печенье утреннее;[(0, 7, 'B-TYPE'), (8, 16, 'B-TYPE')]
совох;[(0, 5, 'B-TYPE')]
козь;[(0, 4, 'B-TYPE')]
рассада;[]
fish;[(0, 4, 'B-BRAND')]
каша засыпайка;[(0, 4, 'B-TYPE'), (5, 14, 'B-TYPE')]
зажигалка polar;[(0, 9, 'B-TYPE'), (10, 15, 'B-BRAND')]
спагетти9;[(0, 9, 'B-TYPE')]
творо;[(0, 5, 'B-TYPE')]
маршмелл;[(0, 8, 'B-TYPE')]
удонк;[(0, 5, 'B-TYPE')]
мороженое русский стандарт;[(0, 9, 'B-TYPE'), (10, 17, 'B-BRAND'), (18, 26, 'B-BRAND')]
mawll;[(0, 5, 'B-BRAND')]
крупссанв;[(0, 9, 'B-TYPE')]
сливични;[(0, 8, 'B-TYPE')]
мясо морожено;[(0, 4, 'B-TYPE'), (5, 13, 'B-TYPE')]
паштет для кота;[(0, 6, 'B-TYPE')]
сигареты marlbo;[(0, 8, 'B-TYPE'), (9, 15, 'B-BRAND')]
салфнтки;[(0, 8, 'B-TYPE')]
шапиньон;[(0, 8, 'B-TYPE')]
прчник;[(0, 6, 'B-TYPE')]
сендвици;[(0, 8, 'B-TYPE')]
туаленая;[(0, 8, 'B-TYPE')]
шпикачки  черкаш;[(0, 8, 'B-TYPE'), (10, 16, 'B-BRAND')]
виноград елочка;[(0, 8, 'B-TYPE'), (9, 15, 'B-BRAND')]
орехов звез;[(0, 6, 'B-TYPE'), (7, 11, 'B-BRAND')]
напитуи;[(0, 7, 'B-TYPE')]
сгона;[(0, 5, 'B-TYPE')]
огурнц;[(0, 6, 'B-TYPE')]
блинчик миритал;[(0, 7, 'B-TYPE'), (8, 15, 'B-BRAND')]
natures;[(0, 7, 'B-BRAND')]
pastero;[(0, 7, 'B-BRAND')]
палоски;[(0, 7, 'B-TYPE')]
квртофелт;[(0, 9, 'B-TYPE')]
багетты;[(0, 7, 'B-TYPE')]
фунчозп;[(0, 7, 'B-TYPE')]
лакомка тор;[(0, 7, 'B-BRAND'), (8, 11, 'B-TYPE')]
пюре брокколи;[(0, 4, 'B-TYPE'), (5, 13, 'B-TYPE')]
паста с морепродуктами;[(0, 5, 'B-TYPE')]
kotahyi;[(0, 7, 'B-BRAND')]
семечко;[(0, 7, 'B-TYPE')]
ватрцжка;[(0, 8, 'B-TYPE')]
пере;[(0, 4, 'B-TYPE')]
призер трус;[(0, 6, 'B-TYPE'), (7, 11, 'B-TYPE')]
гриле;[(0, 5, 'B-TYPE')]
гнздо;[(0, 5, 'B-TYPE')]
коворода сотйнк;[]
бадьян sonnent;[(0, 6, 'B-TYPE'), (7, 14, 'B-BRAND')]
перцев;[(0, 6, 'B-TYPE')]
капсуры для стирки;[(0, 7, 'B-TYPE')]
коктейльные;[(0, 11, 'B-TYPE')]
мороденное;[(0, 10, 'B-TYPE')]
ароматизато;[(0, 11, 'B-TYPE')]
наполилн;[(0, 8, 'B-TYPE')]
соус кетчуп;[(0, 4, 'B-TYPE'), (5, 11, 'B-TYPE')]
чай зеле;[(0, 3, 'B-TYPE'), (4, 8, 'B-TYPE')]
дома rowenta;[(5, 12, 'B-BRAND')]
творожный сы;[(0, 9, 'B-TYPE'), (10, 12, 'B-TYPE')]
салат дальневосточный;[(0, 5, 'B-TYPE'), (6, 21, 'B-TYPE')]
мясной хл;[(0, 6, 'B-TYPE'), (7, 9, 'B-TYPE')]
бальзами;[(0, 8, 'B-TYPE')]
пресервы рыбны;[(0, 8, 'B-TYPE'), (9, 14, 'B-TYPE')]
семечки тыквен;[(0, 7, 'B-TYPE'), (8, 14, 'B-TYPE')]
творог мягкий станция;[(0, 6, 'B-TYPE')]
трубочки ама;[(0, 8, 'B-TYPE'), (9, 12, 'B-BRAND')]
льняное;[(0, 7, 'B-TYPE')]
просынь;[(0, 7, 'B-TYPE')]
discreet;[(0, 8, 'B-BRAND')]
потправа;[(0, 8, 'B-TYPE')]
мешки для мусора 120 л;[(0, 5, 'B-TYPE'), (17, 20, 'B-VOLUME'), (21, 22, 'B-VOLUME')]
сладост;[(0, 7, 'B-TYPE')]
кассета;[(0, 7, 'B-BRAND')]
песох;[(0, 5, 'B-TYPE')]
протеиновый;[(0, 11, 'B-TYPE')]
шпикачк;[(0, 7, 'B-TYPE')]
щётка зубная детская;[(0, 5, 'B-TYPE'), (6, 12, 'B-TYPE'), (13, 20, 'B-TYPE')]
крупа яч;[(0, 5, 'B-TYPE'), (6, 8, 'B-TYPE')]
пюре из кабачков;[(0, 4, 'B-TYPE')]
bakery;[(0, 6, 'B-TYPE')]
пкчкнье;[(0, 7, 'B-TYPE')]
зуна ас;[(0, 4, 'B-TYPE'), (5, 7, 'B-BRAND')]
гамак ostrov;[(0, 5, 'B-TYPE'), (6, 12, 'B-BRAND')]
удьтрапастеризованный;[]
багета обнинск;[(0, 6, 'B-TYPE'), (7, 14, 'B-BRAND')]
наршарап;[(0, 8, 'B-TYPE')]
ер;[(0, 2, 'B-TYPE')]
borea;[(0, 5, 'B-BRAND')]
крыше;[(0, 5, 'B-TYPE')]
шуруповерт;[(0, 10, 'B-TYPE')]
люминарк чашка;[(0, 8, 'B-BRAND'), (9, 14, 'B-TYPE')]
онигириц;[(0, 8, 'B-TYPE')]
пироженое;[(0, 9, 'B-TYPE')]
доиры;[]
носочки;[(0, 7, 'B-TYPE')]
тарелки herlit;[(0, 7, 'B-TYPE'), (8, 14, 'B-BRAND')]
молочный беби фокс;[(0, 8, 'B-TYPE'), (9, 13, 'B-BRAND'), (14, 18, 'B-BRAND')]
сливски;[(0, 7, 'B-TYPE')]
страчиьелла;[(0, 11, 'B-TYPE')]
кекч;[(0, 4, 'B-TYPE')]
лимоне;[(0, 6, 'B-TYPE')]
мукк;[(0, 4, 'B-TYPE')]
пудинг петрохл;[(0, 6, 'B-TYPE'), (7, 14, 'B-BRAND')]
обложек action;[(0, 7, 'B-TYPE'), (8, 14, 'B-BRAND')]
положи motormax;[(0, 6, 'B-BRAND'), (7, 15, 'B-BRAND')]
курицы мираторг;[(0, 6, 'B-TYPE'), (7, 15, 'B-BRAND')]
сервелатиней;[(0, 12, 'B-TYPE')]
жевательна;[(0, 10, 'B-TYPE')]
umka спре;[(0, 4, 'B-BRAND'), (5, 9, 'B-TYPE')]
молокушк;[(0, 8, 'B-TYPE')]
варенникт;[(0, 9, 'B-TYPE')]
наполнитель кошачий;[(0, 11, 'B-TYPE'), (12, 19, 'B-TYPE')]
martini винные;[(0, 7, 'B-BRAND'), (8, 14, 'B-TYPE')]
икра баклажанна;[(0, 4, 'B-TYPE'), (5, 15, 'B-TYPE')]
полотенцв;[(0, 9, 'B-TYPE')]
зубочистка русалочк;[(0, 10, 'B-TYPE'), (11, 19, 'B-BRAND')]
краска seasons;[(0, 6, 'B-TYPE'), (7, 14, 'B-BRAND')]
sobranie сигареты;[(0, 8, 'B-BRAND'), (9, 17, 'B-TYPE')]
икра кабачковая;[(0, 4, 'B-TYPE'), (5, 15, 'B-TYPE')]
эклерч;[(0, 6, 'B-TYPE')]
грейптфрукт;[(0, 11, 'B-TYPE')]
средство для обуви;[(0, 8, 'B-TYPE')]
сок томатный 2 л;[(0, 3, 'B-TYPE'), (4, 12, 'B-TYPE'), (13, 14, 'B-VOLUME'), (15, 16, 'B-VOLUME')]
роза;[(0, 4, 'B-TYPE')]
чесное;[(0, 6, 'B-TYPE')]
горошек зелёный;[(0, 7, 'B-TYPE'), (8, 15, 'B-TYPE')]
рыбк;[(0, 4, 'B-TYPE')]
серноголовк;[(0, 11, 'B-TYPE')]
картофел;[(0, 8, 'B-TYPE')]
подушечки рос;[(0, 9, 'B-TYPE'), (10, 13, 'B-BRAND')]
сытоедов;[(0, 8, 'B-BRAND')]
журналы umk;[(0, 7, 'B-TYPE'), (8, 11, 'B-BRAND')]
горчица зернистая;[(0, 7, 'B-TYPE'), (8, 17, 'B-BRAND')]
халаперьо;[(0, 9, 'B-TYPE')]
максвел чаш;[(0, 7, 'B-BRAND'), (8, 11, 'B-TYPE')]
рочая;[]
айдиго ванили;[(0, 6, 'B-BRAND'), (7, 13, 'B-TYPE')]
svasso пальт;[(0, 6, 'B-BRAND'), (7, 12, 'B-TYPE')]
котлеты тз капуст;[(0, 7, 'B-TYPE')]
тайд;[(0, 4, 'B-TYPE')]
холва;[(0, 5, 'B-TYPE')]
мншки для завтрака;[(0, 5, 'B-TYPE')]
куры о;[(0, 4, 'B-TYPE'), (5, 6, 'B-TYPE')]
еартоыель;[(0, 9, 'B-TYPE')]
zarech'e если;[(0, 8, 'B-BRAND')]
attache калькулято;[(0, 7, 'B-BRAND'), (8, 18, 'B-TYPE')]
коктельй;[(0, 8, 'B-TYPE')]
сальников;[(0, 9, 'B-TYPE')]
калачи;[(0, 6, 'B-TYPE')]
вафли мягкие;[(0, 5, 'B-TYPE'), (6, 12, 'B-TYPE')]
соус деликат;[(0, 4, 'B-TYPE'), (5, 12, 'B-BRAND')]
буше;[]
umka каранда;[(0, 4, 'B-BRAND'), (5, 12, 'B-TYPE')]
бульмент;[(0, 8, 'B-TYPE')]
шокллад;[(0, 7, 'B-TYPE')]
протиеновы;[(0, 10, 'B-TYPE')]
ринтек;[(0, 6, 'B-BRAND')]
маслинй;[(0, 7, 'B-TYPE')]
лупша;[(0, 5, 'B-TYPE')]
ошейники homep;[(0, 8, 'B-TYPE'), (9, 14, 'B-BRAND')]
томатыз;[(0, 7, 'B-TYPE')]
масоо;[(0, 5, 'B-TYPE')]
ботинки бимб;[(0, 7, 'B-TYPE'), (8, 12, 'B-BRAND')]
сухаики;[(0, 7, 'B-TYPE')]
дезодеран;[(0, 9, 'B-TYPE')]
каперчы;[(0, 7, 'B-TYPE')]
schwartau со;[(0, 9, 'B-BRAND'), (10, 12, 'B-TYPE')]
рис пропаренный в пакетиках;[(0, 3, 'B-TYPE'), (4, 15, 'B-TYPE')]
кефик;[(0, 5, 'B-TYPE')]
federici;[(0, 8, 'B-TYPE')]
белизнп;[(0, 7, 'B-TYPE')]
сэндвич с индейкой;[(0, 7, 'B-TYPE')]
орешки со с;[(0, 6, 'B-TYPE')]
солен;[(0, 5, 'B-TYPE')]
приправа перец;[(0, 8, 'B-TYPE'), (9, 14, 'B-TYPE')]
рафин;[(0, 5, 'B-TYPE')]
карачинская;[(0, 11, 'B-TYPE')]
энеигетик;[(0, 9, 'B-TYPE')]
майное;[(0, 6, 'B-TYPE')]
мушмсла;[(0, 7, 'B-TYPE')]
santal напиток;[(0, 6, 'B-BRAND'), (7, 14, 'B-TYPE')]
йогурты и творожки;[(0, 7, 'B-TYPE')]
готовые супы;[(0, 7, 'B-TYPE'), (8, 12, 'B-TYPE')]
марожние;[(0, 8, 'B-TYPE')]
сухарикиз;[(0, 9, 'B-TYPE')]
чай с ма;[(0, 3, 'B-TYPE')]
плёнка пищевая;[(0, 6, 'B-TYPE'), (7, 14, 'B-TYPE')]
морепродуктв;[(0, 12, 'B-TYPE')]
азливное;[(0, 8, 'B-TYPE')]
клубника artfrui;[(0, 8, 'B-TYPE'), (9, 16, 'B-BRAND')]
губок перекресто;[(0, 5, 'B-TYPE'), (6, 16, 'B-BRAND')]
сливочный сыр для супа;[(0, 9, 'B-TYPE'), (10, 13, 'B-TYPE')]
пирожо;[(0, 6, 'B-TYPE')]
простоквашаш;[(0, 12, 'B-TYPE')]
philippo;[(0, 8, 'B-BRAND')]
крышки сково;[(0, 6, 'B-TYPE'), (7, 12, 'B-BRAND')]
птисье;[(0, 6, 'B-TYPE')]
кексы, куличи;[(0, 6, 'B-TYPE'), (7, 13, 'B-TYPE')]
ковш;[(0, 4, 'B-TYPE')]
бедро цып;[(0, 5, 'B-TYPE'), (6, 9, 'B-TYPE')]
рыба замороженная;[(0, 4, 'B-TYPE'), (5, 17, 'B-TYPE')]
безлпктозный;[(0, 12, 'B-TYPE')]
морсы;[(0, 5, 'B-TYPE')]
мука рж;[(0, 4, 'B-TYPE'), (5, 7, 'B-TYPE')]
груддка;[(0, 7, 'B-TYPE')]
тунец для салатов;[(0, 5, 'B-TYPE')]
шпината тендер;[(0, 7, 'B-TYPE'), (8, 14, 'B-BRAND')]
каща;[(0, 4, 'B-TYPE')]
икра кабачковая дядя ваня;[(0, 4, 'B-TYPE'), (5, 15, 'B-TYPE'), (16, 20, 'B-BRAND'), (21, 25, 'B-BRAND')]
квант;[(0, 5, 'B-TYPE')]
шоколад с бзюмом;[(0, 7, 'B-TYPE')]
кремобогы;[(0, 9, 'B-TYPE')]
поме;[(0, 4, 'B-TYPE')]
скпабы;[(0, 6, 'B-TYPE')]
ала;[]
сухой;[(0, 5, 'B-TYPE')]
балоньезе;[(0, 9, 'B-TYPE')]
салатники альтернатива;[(0, 9, 'B-TYPE'), (10, 22, 'B-BRAND')]
топлен;[(0, 6, 'B-TYPE')]
трюфе;[(0, 5, 'B-TYPE')]
спички lion;[(0, 6, 'B-TYPE'), (7, 11, 'B-BRAND')]
аз;[(0, 2, 'B-TYPE')]
ариант шампанск;[(0, 6, 'B-BRAND'), (7, 15, 'B-TYPE')]
морковбю;[(0, 8, 'B-TYPE')]
губки для по;[(0, 5, 'B-TYPE')]
конструктором dickie;[(0, 13, 'B-TYPE'), (14, 20, 'B-BRAND')]
карандшом;[(0, 9, 'B-TYPE')]
пати;[]
whiskss;[(0, 7, 'B-BRAND')]
салфетки в коробке;[(0, 8, 'B-TYPE')]
прочие фруктовы;[(0, 6, 'B-TYPE'), (7, 15, 'B-TYPE')]
пимидоры;[(0, 8, 'B-TYPE')]
вилка перекрест;[(0, 5, 'B-TYPE'), (6, 15, 'B-BRAND')]
clipstudio блокно;[(0, 10, 'B-BRAND'), (11, 17, 'B-TYPE')]
энэргетики;[(0, 10, 'B-TYPE')]
тендер кабач;[(0, 6, 'B-BRAND'), (7, 12, 'B-TYPE')]
пористый;[(0, 8, 'B-TYPE')]
шоколатово;[(0, 10, 'B-TYPE')]
соус тар тар;[(0, 4, 'B-TYPE'), (5, 8, 'B-BRAND'), (9, 12, 'B-BRAND')]
сливкки;[(0, 7, 'B-TYPE')]
сыровялены;[(0, 10, 'B-TYPE')]
шокобат;[(0, 7, 'B-TYPE')]
барила;[(0, 6, 'B-BRAND')]
факелман крыше;[(0, 8, 'B-BRAND'), (9, 14, 'B-TYPE')]
limonfresh;[(0, 10, 'B-BRAND')]
чай диабетическ;[(0, 3, 'B-TYPE'), (4, 15, 'B-TYPE')]
чечев;[(0, 5, 'B-TYPE')]
конфеты по кофе;[(0, 7, 'B-TYPE')]
пнсенье;[(0, 7, 'B-TYPE')]
тарталеки;[(0, 9, 'B-TYPE')]
сок грейпфрут;[(0, 3, 'B-TYPE'), (4, 13, 'B-TYPE')]
копченн;[(0, 7, 'B-TYPE')]
связанка;[(0, 8, 'B-TYPE')]
маойнез;[(0, 7, 'B-TYPE')]
чиабата lori;[(0, 7, 'B-TYPE'), (8, 12, 'B-BRAND')]
ваффли;[(0, 6, 'B-TYPE')]
flashup;[(0, 7, 'B-BRAND')]
goodm;[(0, 5, 'B-BRAND')]
чай рассыпной;[(0, 3, 'B-TYPE'), (4, 13, 'B-TYPE')]
апельсинов;[(0, 10, 'B-TYPE')]
пирожкнное;[(0, 10, 'B-TYPE')]
охотниче;[(0, 8, 'B-TYPE')]
нож tramonti;[(0, 3, 'B-TYPE'), (4, 12, 'B-BRAND')]
шокладный;[(0, 9, 'B-TYPE')]
карандашей;[(0, 10, 'B-TYPE')]
копчено-запеченны;[(0, 17, 'B-TYPE')]
сёусом;[(0, 6, 'B-TYPE')]
чистящий;[(0, 8, 'B-TYPE')]
ватнын;[(0, 6, 'B-TYPE')]
ополье простоквашаш;[(0, 6, 'B-BRAND'), (7, 19, 'B-TYPE')]
сухофрукты;[(0, 10, 'B-TYPE')]
том ям лапша;[(0, 3, 'B-TYPE')]
fressco;[(0, 7, 'B-BRAND')]
пятнашки;[(0, 8, 'B-TYPE')]
чебереки;[(0, 8, 'B-TYPE')]
сры прчи;[]
сухие смес;[(0, 5, 'B-TYPE'), (6, 10, 'B-TYPE')]
коктейлб;[(0, 8, 'B-TYPE')]
перец черный моло;[(0, 5, 'B-TYPE'), (6, 12, 'B-TYPE'), (13, 17, 'B-TYPE')]
погремушки плейгр;[(0, 10, 'B-TYPE'), (11, 17, 'B-BRAND')]
сетевое оборудовани;[(0, 7, 'B-TYPE'), (8, 19, 'B-TYPE')]
баклвжан;[(0, 8, 'B-TYPE')]
laima порошк;[(0, 5, 'B-BRAND'), (6, 12, 'B-TYPE')]
помидооры;[(0, 9, 'B-TYPE')]
лике;[(0, 4, 'B-TYPE')]
lego бана;[(0, 4, 'B-BRAND'), (5, 9, 'B-TYPE')]
саше chirt;[(0, 4, 'B-TYPE'), (5, 10, 'B-BRAND')]
центрум обложки;[(0, 7, 'B-BRAND'), (8, 15, 'B-TYPE')]
кукурный;[(0, 8, 'B-TYPE')]
авокажо;[(0, 7, 'B-TYPE')]
хровяные;[(0, 8, 'B-TYPE')]
сапоги защитные;[(0, 6, 'B-TYPE'), (7, 15, 'B-TYPE')]
овокад;[(0, 6, 'B-TYPE')]
формовой;[(0, 8, 'B-TYPE')]
рис бур;[(0, 3, 'B-TYPE'), (4, 7, 'B-TYPE')]
гама;[(0, 4, 'B-TYPE')]
кролика охлажденн;[(0, 7, 'B-TYPE'), (8, 17, 'B-TYPE')]
ликеры абрау-дюрс;[(0, 6, 'B-TYPE'), (7, 17, 'B-BRAND')]
сгущееуа;[(0, 8, 'B-TYPE')]
средство от нагар;[(0, 8, 'B-TYPE')]
гамак palisad;[(0, 5, 'B-TYPE'), (6, 13, 'B-BRAND')]
яйцр;[(0, 4, 'B-TYPE')]
солнцезащитный;[(0, 14, 'B-TYPE')]
авокао;[(0, 6, 'B-TYPE')]
свинина охлажденна;[(0, 7, 'B-TYPE'), (8, 18, 'B-TYPE')]
полуьублик;[(0, 10, 'B-TYPE')]
profon;[(0, 6, 'B-BRAND')]
сыр весёлый роджер;[(0, 3, 'B-TYPE'), (4, 11, 'B-TYPE'), (12, 18, 'B-TYPE')]
колорит также;[(0, 7, 'B-TYPE'), (8, 13, 'B-TYPE')]
сыр воздушный;[(0, 3, 'B-TYPE'), (4, 13, 'B-TYPE')]
каши молочн;[(0, 4, 'B-TYPE'), (5, 11, 'B-TYPE')]
традиционный;[(0, 12, 'B-TYPE')]
hend;[(0, 4, 'B-BRAND')]
нутово;[(0, 6, 'B-TYPE')]
хлебец wellber;[(0, 6, 'B-TYPE'), (7, 14, 'B-BRAND')]
огурчик;[(0, 7, 'B-TYPE')]
подсвечников inte;[(0, 12, 'B-TYPE'), (13, 17, 'B-BRAND')]
богатство сибири;[(0, 9, 'B-BRAND'), (10, 16, 'B-TYPE')]
булоски;[(0, 7, 'B-TYPE')]
игвоздик;[(0, 8, 'B-TYPE')]
йоогурт;[(0, 7, 'B-TYPE')]
redb;[(0, 4, 'B-BRAND')]
печенье с крошкой;[(0, 7, 'B-TYPE')]
кисломолочные коктейли;[(0, 13, 'B-TYPE'), (14, 22, 'B-TYPE')]
вода минеральная;[(0, 4, 'B-TYPE'), (5, 16, 'B-TYPE')]
круасана;[(0, 8, 'B-TYPE')]
холодк;[(0, 6, 'B-TYPE')]
vanis;[(0, 5, 'B-BRAND')]
огугец;[(0, 6, 'B-TYPE')]
гале;[(0, 4, 'B-TYPE')]
сырни;[(0, 5, 'B-TYPE')]
пломбир протеиновый;[(0, 7, 'B-TYPE'), (8, 19, 'B-TYPE')]
тетрадей;[(0, 8, 'B-TYPE')]
кейтчуп;[(0, 7, 'B-TYPE')]
баранка;[(0, 7, 'B-TYPE')]
libresse;[(0, 8, 'B-BRAND')]
арахисавая;[(0, 10, 'B-TYPE')]
мороженное пломбир;[(0, 10, 'B-TYPE'), (11, 18, 'B-TYPE')]
бумага для выпекания;[(0, 6, 'B-TYPE')]
ягоды в желе;[(0, 5, 'B-TYPE')]
озотничьи;[(0, 9, 'B-TYPE')]
семечуи;[(0, 7, 'B-TYPE')]
сспички;[(0, 7, 'B-TYPE')]
апельчиеы;[(0, 9, 'B-TYPE')]
рёбра свиные;[(0, 5, 'B-TYPE'), (6, 12, 'B-TYPE')]
соедство;[(0, 8, 'B-TYPE')]
топле;[(0, 5, 'B-TYPE')]
ризот;[(0, 5, 'B-TYPE')]
булмени;[(0, 7, 'B-TYPE')]
зубочистка;[(0, 10, 'B-TYPE')]
рис золотистый;[(0, 3, 'B-TYPE'), (4, 14, 'B-TYPE')]
для жарки колбаски;[]
ягодный микс;[(0, 7, 'B-TYPE'), (8, 12, 'B-TYPE')]
приправа для буль;[(0, 8, 'B-TYPE')]
яйца куриные;[(0, 4, 'B-TYPE'), (5, 12, 'B-TYPE')]
вычечка;[(0, 7, 'B-TYPE')]
колбаса копчёная;[(0, 7, 'B-TYPE'), (8, 16, 'B-TYPE')]
хлеб марьин дом;[(0, 4, 'B-TYPE'), (5, 11, 'B-BRAND'), (12, 15, 'B-BRAND')]
сыр экомилк;[(0, 3, 'B-TYPE'), (4, 11, 'B-TYPE')]
боршщ;[(0, 5, 'B-TYPE')]
лисонная кислота;[(0, 8, 'B-TYPE'), (9, 16, 'B-TYPE')]
ромашки;[(0, 7, 'B-TYPE')]
туалетнаяка;[(0, 11, 'B-TYPE')]
блиным;[(0, 6, 'B-TYPE')]
печенье мария;[(0, 7, 'B-TYPE'), (8, 13, 'B-TYPE')]
говядина мороженая;[(0, 8, 'B-TYPE'), (9, 18, 'B-TYPE')]
протеиеовый;[(0, 11, 'B-TYPE')]
болкур;[(0, 6, 'B-TYPE')]
лимонад 2 литра;[(0, 7, 'B-TYPE'), (8, 9, 'B-VOLUME'), (10, 15, 'B-VOLUME')]
фасоль замороженная;[(0, 6, 'B-TYPE'), (7, 19, 'B-TYPE')]
сырок дружба;[(0, 5, 'B-TYPE'), (6, 12, 'B-TYPE')]
нагетсц;[(0, 7, 'B-TYPE')]
рулет с мак;[(0, 5, 'B-TYPE')]
фунчуза;[(0, 7, 'B-TYPE')]
геркулеу;[(0, 8, 'B-TYPE')]
торт вафельный без орехов;[(0, 4, 'B-TYPE'), (5, 14, 'B-TYPE')]
берлинское;[(0, 10, 'B-BRAND')]
чайг;[(0, 4, 'B-TYPE')]
toffee;[(0, 6, 'B-TYPE')]
tond;[(0, 4, 'B-TYPE')]
нф спички;[(0, 2, 'B-BRAND'), (3, 9, 'B-TYPE')]
бытовая хим;[(0, 7, 'B-TYPE'), (8, 11, 'B-TYPE')]
рыюные;[(0, 6, 'B-TYPE')]
сарафа;[(0, 6, 'B-TYPE')]
тесто для бебуреков;[(0, 5, 'B-TYPE')]
шоколад горький;[(0, 7, 'B-TYPE'), (8, 15, 'B-TYPE')]
пкльмкни;[(0, 8, 'B-TYPE')]
сендвич;[(0, 7, 'B-TYPE')]
яичный белок;[(0, 6, 'B-TYPE'), (7, 12, 'B-BRAND')]
сушка каравай;[(0, 5, 'B-TYPE'), (6, 13, 'B-BRAND')]
бедра филе;[(0, 5, 'B-TYPE'), (6, 10, 'B-TYPE')]
диана журнал;[(0, 5, 'B-TYPE'), (6, 12, 'B-TYPE')]
вода 19 л;[(0, 4, 'B-TYPE'), (5, 7, 'B-VOLUME'), (8, 9, 'B-VOLUME')]
мультифрукт;[(0, 11, 'B-TYPE')]
сок спды придонья;[(0, 3, 'B-TYPE'), (9, 17, 'B-BRAND')]
безлактозны;[(0, 11, 'B-TYPE')]
хн;[]
городская;[(0, 9, 'B-TYPE')]
из скумбр;[(0, 2, 'B-TYPE'), (3, 9, 'B-TYPE')]
сыр российс;[(0, 3, 'B-TYPE'), (4, 11, 'B-TYPE')]
чечевица степ;[(0, 8, 'B-TYPE'), (9, 13, 'B-BRAND')]
хамса;[]
лосьон zeitu;[(0, 6, 'B-TYPE'), (7, 12, 'B-BRAND')]
птбу;[(0, 4, 'B-TYPE')]
виногад;[(0, 7, 'B-TYPE')]
мсливки;[(0, 7, 'B-TYPE')]
сдлоба;[(0, 6, 'B-TYPE')]
марожэное;[(0, 9, 'B-TYPE')]
колбаса на подлодке;[(0, 7, 'B-TYPE')]
пакеты одноразовые;[(0, 6, 'B-TYPE'), (7, 18, 'B-TYPE')]
пончик;[(0, 6, 'B-TYPE')]
гумел;[(0, 5, 'B-TYPE')]
сельдь слабосолена;[(0, 6, 'B-TYPE'), (7, 18, 'B-TYPE')]
тндейки;[(0, 7, 'B-TYPE')]
ghoco;[(0, 5, 'B-BRAND')]
снежок пензенский;[(0, 6, 'B-TYPE'), (7, 17, 'B-BRAND')]
яйуэцо;[(0, 6, 'B-TYPE')]
фагот;[(0, 5, 'B-TYPE')]
печенье сырное;[(0, 7, 'B-TYPE'), (8, 14, 'B-TYPE')]
ватрцшка;[(0, 8, 'B-TYPE')]
шрирача;[(0, 7, 'B-TYPE')]
мультифиукт;[(0, 11, 'B-TYPE')]
кофе раствори;[(0, 4, 'B-TYPE'), (5, 13, 'B-TYPE')]
десери;[(0, 6, 'B-TYPE')]
моркопь;[(0, 7, 'B-TYPE')]
рыба;[(0, 4, 'B-TYPE')]
вода питьевая большой обьем;[(0, 4, 'B-TYPE'), (5, 13, 'B-TYPE')]
консервы скумбрия в масле;[(0, 8, 'B-TYPE'), (9, 17, 'B-TYPE')]
халва лаком;[(0, 5, 'B-TYPE'), (6, 11, 'B-BRAND')]
сыр_;[(0, 4, 'B-TYPE')]
конфеты батончики;[(0, 7, 'B-TYPE'), (8, 17, 'B-TYPE')]
патиссон boyar;[(0, 8, 'B-TYPE'), (9, 14, 'B-BRAND')]
сок сады придонья абрикос;[(0, 3, 'B-TYPE'), (4, 8, 'B-BRAND'), (9, 17, 'B-BRAND'), (18, 25, 'B-BRAND')]
наггетсы сызрань;[(0, 8, 'B-TYPE'), (9, 16, 'B-BRAND')]
концентрированный сок;[(0, 17, 'B-TYPE'), (18, 21, 'B-TYPE')]
ирис mento;[(0, 4, 'B-TYPE'), (5, 10, 'B-BRAND')]
артишоки;[(0, 8, 'B-TYPE')]
liited bsc;[(0, 6, 'B-TYPE'), (7, 10, 'B-BRAND')]
замороженные ягоды;[(0, 12, 'B-TYPE'), (13, 18, 'B-TYPE')]
маслыны;[(0, 7, 'B-TYPE')]
переноски titbi;[(0, 9, 'B-TYPE'), (10, 15, 'B-BRAND')]
формов;[(0, 6, 'B-TYPE')]
руколо;[(0, 6, 'B-TYPE')]
тыква fresco;[(0, 5, 'B-TYPE'), (6, 12, 'B-BRAND')]
рис агро-альян;[(0, 3, 'B-TYPE'), (4, 14, 'B-BRAND')]
переноски ferpla;[(0, 9, 'B-TYPE'), (10, 16, 'B-BRAND')]
arktik;[(0, 6, 'B-BRAND')]
груше;[(0, 5, 'B-TYPE')]
попкорм;[(0, 7, 'B-TYPE')]
сосиск;[(0, 6, 'B-TYPE')]
олейна;[(0, 6, 'B-TYPE')]
спаргетти;[(0, 9, 'B-TYPE')]
стиральный порошок;[(0, 10, 'B-TYPE'), (11, 18, 'B-TYPE')]
джек;[(0, 4, 'B-TYPE')]
наполнитель для лотка;[(0, 11, 'B-TYPE')]
тпомидор;[(0, 8, 'B-TYPE')]
биг бон вок;[(0, 3, 'B-BRAND'), (4, 7, 'B-BRAND')]
ванилини;[(0, 8, 'B-TYPE')]
tun;[]
карбонара;[(0, 9, 'B-TYPE')]
энергетик без саха;[(0, 9, 'B-TYPE')]
варилин;[(0, 7, 'B-TYPE')]
double;[]
кабачков;[(0, 8, 'B-TYPE')]
батончик мюсли;[(0, 8, 'B-TYPE'), (9, 14, 'B-TYPE')]
корм влажный;[(0, 4, 'B-TYPE'), (5, 12, 'B-TYPE')]
dolche;[(0, 6, 'B-BRAND')]
марсианка;[(0, 9, 'B-TYPE')]
пиротехнаика;[(0, 12, 'B-TYPE')]
горчич;[(0, 6, 'B-TYPE')]
радиоуправляемый игрушка;[(0, 16, 'B-TYPE'), (17, 24, 'B-TYPE')]
молокоз;[(0, 7, 'B-TYPE')]
макароныф;[(0, 9, 'B-TYPE')]
кабачек;[(0, 7, 'B-TYPE')]
кока кола вишня;[(0, 4, 'B-TYPE')]
хлеб дарницкий;[(0, 4, 'B-TYPE'), (5, 14, 'B-TYPE')]
онигирм;[(0, 7, 'B-TYPE')]
gln;[]
эчп;[(0, 3, 'B-TYPE')]
капустая;[(0, 8, 'B-TYPE')]
крахмалл;[(0, 8, 'B-TYPE')]
прочие ликёро-водочн;[(0, 6, 'B-TYPE'), (7, 20, 'B-TYPE')]
матрас;[(0, 6, 'B-TYPE')]
гречневые хлопья;[(0, 9, 'B-TYPE'), (10, 16, 'B-TYPE')]
лапш;[(0, 4, 'B-TYPE')]
ррибы;[(0, 5, 'B-TYPE')]
курица филе бедро;[(0, 6, 'B-TYPE'), (7, 11, 'B-TYPE'), (12, 17, 'B-TYPE')]
кукурзу;[(0, 7, 'B-TYPE')]
клубничный;[(0, 10, 'B-TYPE')]
рпомидоры;[(0, 9, 'B-TYPE')]
сервировочная посуда;[(0, 13, 'B-TYPE'), (14, 20, 'B-TYPE')]
носков;[(0, 6, 'B-TYPE')]
крекеры;[(0, 7, 'B-TYPE')]
корнишону;[(0, 9, 'B-TYPE')]
булочны;[(0, 7, 'B-TYPE')]
приправа зажарка;[(0, 8, 'B-TYPE'), (9, 16, 'B-TYPE')]
губа;[(0, 4, 'B-TYPE')]
халва лакомка;[(0, 5, 'B-TYPE'), (6, 13, 'B-BRAND')]
бефстроганов;[(0, 12, 'B-TYPE')]
панировочнын;[(0, 12, 'B-TYPE')]
belivia;[(0, 7, 'B-TYPE')]
па;[(0, 2, 'B-TYPE')]
бородинкский;[(0, 12, 'B-TYPE')]
кисеель;[(0, 7, 'B-TYPE')]
пюреш;[(0, 5, 'B-TYPE')]
кроликов охлажденн;[(0, 8, 'B-TYPE'), (9, 18, 'B-TYPE')]
сырокопченые липецккомплекс;[(0, 12, 'B-TYPE'), (13, 27, 'B-BRAND')]
куроссан;[(0, 8, 'B-TYPE')]
курица филе;[(0, 6, 'B-TYPE'), (7, 11, 'B-TYPE')]
бананвы;[(0, 7, 'B-TYPE')]
умага;[(0, 5, 'B-TYPE')]
гречечкий;[(0, 9, 'B-TYPE')]
азу;[(0, 3, 'B-TYPE')]
мочевина;[(0, 8, 'B-TYPE')]
горьушк;[(0, 7, 'B-TYPE')]
клинский сардель;[(0, 8, 'B-BRAND'), (9, 16, 'B-TYPE')]
энегретик;[(0, 9, 'B-TYPE')]
спогетти;[(0, 8, 'B-TYPE')]
эабриикос;[(0, 9, 'B-TYPE')]
пена для бритья;[(0, 4, 'B-TYPE')]
glatika;[(0, 7, 'B-BRAND')]
чулугуни;[(0, 8, 'B-TYPE')]
огурцы консервированны;[(0, 6, 'B-TYPE'), (7, 22, 'B-TYPE')]
черничный;[(0, 9, 'B-TYPE')]
тунц;[(0, 4, 'B-TYPE')]
чипсы рифленные;[(0, 5, 'B-TYPE'), (6, 15, 'B-TYPE')]
сосиски сливочные;[(0, 7, 'B-TYPE'), (8, 17, 'B-TYPE')]
палочки aura;[(0, 7, 'B-TYPE'), (8, 12, 'B-BRAND')]
delicatos;[(0, 9, 'B-BRAND')]
замороженнное;[(0, 13, 'B-TYPE')]
курассаны;[(0, 9, 'B-TYPE')]
ливерноя;[(0, 8, 'B-TYPE')]
мочалкаи;[(0, 8, 'B-TYPE')]
куриные крылышки;[(0, 7, 'B-TYPE'), (8, 16, 'B-TYPE')]
сок hone kids;[(0, 3, 'B-TYPE'), (4, 8, 'B-BRAND')]
чернаслив;[(0, 9, 'B-TYPE')]
молочный костель чудо;[(0, 8, 'B-TYPE')]
колбосы;[(0, 7, 'B-TYPE')]
киви;[(0, 4, 'B-TYPE')]
перекресток зажигал;[(0, 11, 'B-BRAND'), (12, 19, 'B-TYPE')]
йогурт без сах;[(0, 6, 'B-TYPE')]
пирожные м;[(0, 8, 'B-TYPE'), (9, 10, 'B-BRAND')]
макаросы с сыром;[(0, 8, 'B-TYPE')]
вафельные рулетики;[(0, 9, 'B-TYPE'), (10, 18, 'B-TYPE')]
чай ягодный;[(0, 3, 'B-TYPE'), (4, 11, 'B-TYPE')]
полент;[(0, 6, 'B-TYPE')]
набор доя супа;[(0, 5, 'B-TYPE')]
блокноты проф-пресс;[(0, 8, 'B-TYPE'), (9, 19, 'B-BRAND')]
прочие пирожны;[(0, 6, 'B-TYPE'), (7, 14, 'B-TYPE')]
кардамо;[(0, 7, 'B-TYPE')]
халопеньо;[(0, 9, 'B-TYPE')]
гранол;[(0, 6, 'B-TYPE')]
погремушки sim;[(0, 10, 'B-TYPE'), (11, 14, 'B-TYPE')]
пеььмени;[(0, 8, 'B-TYPE')]
твртилья;[(0, 8, 'B-TYPE')]
ключницы;[(0, 8, 'B-BRAND')]
ггречка;[(0, 7, 'B-TYPE')]
тряпка дляя пола;[(0, 6, 'B-TYPE')]
бездразжевой;[(0, 12, 'B-TYPE')]
масло сливочное безлактозное;[(0, 5, 'B-TYPE'), (6, 15, 'B-TYPE'), (16, 28, 'B-TYPE')]
чай высокогорный;[(0, 3, 'B-TYPE'), (4, 16, 'B-TYPE')]
батон кефирный;[(0, 5, 'B-TYPE'), (6, 14, 'B-TYPE')]
галантерея;[(0, 10, 'B-TYPE')]
немолокь;[(0, 8, 'B-TYPE')]
пармезан;[(0, 8, 'B-BRAND')]
чай красная;[(0, 3, 'B-TYPE'), (4, 11, 'B-TYPE')]
энрегетик;[(0, 9, 'B-TYPE')]
мореовка;[(0, 8, 'B-TYPE')]
орех мускатный;[(0, 4, 'B-TYPE'), (5, 14, 'B-TYPE')]
сырнички ратимир;[(0, 8, 'B-TYPE'), (9, 16, 'B-BRAND')]
фарель;[(0, 6, 'B-TYPE')]
нарезк;[(0, 6, 'B-TYPE')]
кола бещ сахара;[(0, 4, 'B-TYPE')]
mixba;[(0, 5, 'B-BRAND')]
фруктовый;[(0, 9, 'B-TYPE')]
мэри сушка;[(0, 4, 'B-BRAND'), (5, 10, 'B-TYPE')]
пастухова;[(0, 9, 'B-TYPE')]
конфеты тёмная ночь;[(0, 7, 'B-TYPE'), (8, 14, 'B-BRAND'), (15, 19, 'B-BRAND')]
индей;[(0, 5, 'B-TYPE')]
ультрвпастеризованное;[(0, 21, 'B-TYPE')]
гольфы pomp;[(0, 6, 'B-TYPE'), (7, 11, 'B-BRAND')]
диски ast;[(0, 5, 'B-TYPE'), (6, 9, 'B-BRAND')]
bikale;[(0, 6, 'B-BRAND')]
ножи, ножев;[(0, 5, 'B-TYPE'), (6, 11, 'B-TYPE')]
сэдвич;[(0, 6, 'B-TYPE')]
настойка горька;[(0, 8, 'B-TYPE'), (9, 15, 'B-TYPE')]
погремушки sis;[(0, 10, 'B-TYPE'), (11, 14, 'B-BRAND')]
garibaldi;[(0, 9, 'B-TYPE')]
хлеб рж;[(0, 4, 'B-TYPE'), (5, 7, 'B-TYPE')]
ошурци;[(0, 6, 'B-TYPE')]
овсяный напиток;[(0, 7, 'B-TYPE'), (8, 15, 'B-TYPE')]
капуста квашенн;[(0, 7, 'B-TYPE'), (8, 15, 'B-TYPE')]
шокладки;[(0, 8, 'B-TYPE')]
позгузники;[(0, 10, 'B-TYPE')]
дрозжы;[(0, 6, 'B-TYPE')]
сметана давлекано;[(0, 7, 'B-TYPE'), (8, 17, 'B-BRAND')]
чаша;[]
хлеб тосто;[(0, 4, 'B-TYPE'), (5, 10, 'B-TYPE')]
mikado красн;[(0, 6, 'B-BRAND'), (7, 12, 'B-TYPE')]
frutella;[(0, 8, 'B-BRAND')]
масло авокадо;[(0, 5, 'B-TYPE'), (6, 13, 'B-TYPE')]
тврог;[(0, 5, 'B-TYPE')]
влажные салфетк;[(0, 7, 'B-TYPE'), (8, 15, 'B-TYPE')]
velluro;[(0, 7, 'B-BRAND')]
хлопьев bonneterre;[(0, 7, 'B-TYPE'), (8, 18, 'B-BRAND')]
геркулесовый;[(0, 12, 'B-TYPE')]
хинкал;[(0, 6, 'B-TYPE')]
булочки с вишней;[(0, 7, 'B-TYPE')]
бездрржжевое;[(0, 12, 'B-TYPE')]
m&m's;[(0, 5, 'B-BRAND')]
капустна;[(0, 8, 'B-TYPE')]
мини-тарты;[(0, 10, 'B-TYPE')]
тропическ;[(0, 9, 'B-TYPE')]
розовое плодово;[(0, 7, 'B-TYPE'), (8, 15, 'B-TYPE')]
бальзам для волос;[(0, 7, 'B-TYPE')]
панировочнык;[(0, 12, 'B-TYPE')]
ростагроэкспорт комп;[(0, 15, 'B-BRAND'), (16, 20, 'B-TYPE')]
филе ку;[(0, 4, 'B-TYPE'), (5, 7, 'B-TYPE')]
kelli;[(0, 5, 'B-BRAND')]
венгерская закуска;[(0, 10, 'B-TYPE'), (11, 18, 'B-TYPE')]
архимед рож;[(0, 7, 'B-BRAND'), (8, 11, 'B-TYPE')]
яблоко гренни;[(0, 6, 'B-TYPE'), (7, 13, 'B-TYPE')]
кормх;[(0, 5, 'B-TYPE')]
бальзам алкогольны;[(0, 7, 'B-TYPE'), (8, 18, 'B-TYPE')]
производство грейпфруты;[(0, 12, 'B-BRAND'), (13, 23, 'B-TYPE')]
студ;[(0, 4, 'B-TYPE')]
пена для брц;[(0, 4, 'B-TYPE')]
криндельки;[(0, 10, 'B-TYPE')]
твердый a;[(0, 7, 'B-TYPE'), (8, 9, 'B-BRAND')]
брокли;[(0, 6, 'B-TYPE')]
хумусн;[(0, 6, 'B-TYPE')]
chamele;[(0, 7, 'B-BRAND')]
макаронны;[(0, 9, 'B-TYPE')]
хлебй;[(0, 5, 'B-TYPE')]
адрилан;[(0, 7, 'B-TYPE')]
bibi;[(0, 4, 'B-BRAND')]
блины с мясом;[(0, 5, 'B-TYPE')]
svasso паль;[(0, 6, 'B-BRAND'), (7, 11, 'B-TYPE')]
минералка не гпз;[(0, 9, 'B-TYPE')]
перчатки mult;[(0, 8, 'B-TYPE'), (9, 13, 'B-BRAND')]
маркет паште;[(0, 6, 'B-BRAND'), (7, 12, 'B-TYPE')]
крамал ищео;[(0, 6, 'B-TYPE'), (7, 11, 'B-BRAND')]
соль марке;[(0, 4, 'B-TYPE'), (5, 10, 'B-BRAND')]
коноплян;[(0, 8, 'B-TYPE')]
микс rich;[(0, 4, 'B-TYPE'), (5, 9, 'B-BRAND')]
краковмкая;[(0, 10, 'B-TYPE')]
коржи гурма;[(0, 5, 'B-TYPE'), (6, 11, 'B-BRAND')]
велтреажер;[(0, 10, 'B-TYPE')]
паста из мореп;[(0, 5, 'B-TYPE')]
ндуно игрушк;[(0, 5, 'B-TYPE'), (6, 12, 'B-TYPE')]
мультивитамины;[(0, 14, 'B-TYPE')]
брокко;[(0, 6, 'B-TYPE')]
кашка молочн;[(0, 5, 'B-TYPE'), (6, 12, 'B-TYPE')]
ряжена;[(0, 6, 'B-TYPE')]
сеиечки;[(0, 7, 'B-TYPE')]
сгещеное;[(0, 8, 'B-TYPE')]
газированная вода;[(0, 12, 'B-TYPE'), (13, 17, 'B-TYPE')]
пица;[(0, 4, 'B-TYPE')]
перец молотый черный;[(0, 5, 'B-TYPE'), (6, 13, 'B-TYPE'), (14, 20, 'B-TYPE')]
мородное;[(0, 8, 'B-TYPE')]
кок;[(0, 3, 'B-TYPE')]
пюре со сливками;[(0, 4, 'B-TYPE')]
колбасв;[(0, 7, 'B-TYPE')]
темто для пе;[(0, 5, 'B-TYPE')]
cofesso;[(0, 7, 'B-BRAND')]
сливкию;[(0, 7, 'B-TYPE')]
тавр;[(0, 4, 'B-TYPE')]
зубная щетка мягкой жескости;[(0, 6, 'B-TYPE'), (7, 12, 'B-TYPE'), (13, 19, 'B-BRAND'), (20, 28, 'B-BRAND')]
кухонный комбай;[(0, 8, 'B-TYPE'), (9, 15, 'B-TYPE')]
шампунь kens;[(0, 7, 'B-TYPE'), (8, 12, 'B-BRAND')]
чернич;[(0, 6, 'B-TYPE')]
зонт зонт;[(0, 4, 'B-TYPE'), (5, 9, 'B-TYPE')]
de0licat;[(0, 8, 'B-TYPE')]
сыр на пиццу;[(0, 3, 'B-TYPE')]
хлед;[(0, 4, 'B-TYPE')]
кукурузой тенде;[(0, 9, 'B-TYPE'), (10, 15, 'B-BRAND')]
нетканые;[(0, 8, 'B-TYPE')]
барилл;[(0, 6, 'B-BRAND')]
крепыш;[(0, 6, 'B-TYPE')]
тартилья;[(0, 8, 'B-TYPE')]
сумка louma;[(0, 5, 'B-TYPE'), (6, 11, 'B-BRAND')]
чай крупно листовой;[(0, 3, 'B-TYPE'), (4, 10, 'B-TYPE')]
печенье с глазурью;[(0, 7, 'B-TYPE')]
помидов;[(0, 7, 'B-BRAND')]
фитнес-аксессуары;[]
гофе;[(0, 4, 'B-TYPE')]
питхайя;[(0, 7, 'B-TYPE')]
ополаскивателт;[(0, 14, 'B-TYPE')]
хлеь;[(0, 4, 'B-TYPE')]
механически;[(0, 11, 'B-TYPE')]
сырокопченый;[(0, 12, 'B-TYPE')]
сосистк;[(0, 7, 'B-TYPE')]
напмток;[(0, 7, 'B-TYPE')]
мармелад консервированн;[(0, 8, 'B-TYPE'), (9, 23, 'B-TYPE')]
ультрапастеризованны;[(0, 20, 'B-TYPE')]
хрустик;[(0, 7, 'B-TYPE')]
хлебцы лайт;[(0, 6, 'B-TYPE'), (7, 11, 'B-TYPE')]
котлеты готов;[(0, 7, 'B-TYPE'), (8, 13, 'B-BRAND')]
подвес;[(0, 6, 'B-TYPE')]
черкашин ветчина;[(0, 8, 'B-BRAND'), (9, 16, 'B-TYPE')]
блоки;[(0, 5, 'B-TYPE')]
бумага для выречки;[(0, 6, 'B-TYPE')]
alprn;[]
тетради зени;[(0, 7, 'B-TYPE'), (8, 12, 'B-BRAND')]
маринованные;[(0, 12, 'B-TYPE')]
contex;[(0, 6, 'B-BRAND')]
parlamat;[(0, 8, 'B-TYPE')]
молокг;[(0, 6, 'B-TYPE')]
обложки inde;[(0, 7, 'B-TYPE'), (8, 12, 'B-BRAND')]
сыктывкархлеб кор;[(0, 13, 'B-BRAND'), (14, 17, 'B-TYPE')]
водка олимп;[(0, 5, 'B-TYPE'), (6, 11, 'B-BRAND')]
mars;[(0, 4, 'B-TYPE')]
chokop;[(0, 6, 'B-BRAND')]
икра мо;[(0, 4, 'B-TYPE'), (5, 7, 'B-TYPE')]
руокла;[(0, 6, 'B-TYPE')]
балы;[(0, 4, 'B-TYPE')]
сигарилл;[(0, 8, 'B-TYPE')]
минералка;[(0, 9, 'B-TYPE')]
tvix;[(0, 4, 'B-BRAND')]
полотннца;[(0, 9, 'B-TYPE')]
сосиски.;[(0, 8, 'B-TYPE')]
сливугки;[(0, 8, 'B-TYPE')]
alpen gold;[(0, 5, 'B-BRAND'), (6, 10, 'B-BRAND')]
попкорн приправыч;[(0, 7, 'B-TYPE'), (8, 17, 'B-BRAND')]
варено-копчены;[(0, 14, 'B-TYPE')]
плавки grazia;[(0, 6, 'B-TYPE'), (7, 13, 'B-BRAND')]
kamis шафр;[(0, 5, 'B-BRAND'), (6, 10, 'B-TYPE')]
росагрокомплекс;[(0, 15, 'B-BRAND')]
вода в больших;[(0, 4, 'B-TYPE')]
нарезка;[(0, 7, 'B-TYPE')]
тёртый;[(0, 6, 'B-TYPE')]
детское питание мясное;[(0, 7, 'B-TYPE'), (8, 15, 'B-TYPE')]
bull;[]
колбасны;[(0, 8, 'B-TYPE')]
твёрдый сыр;[(0, 7, 'B-TYPE'), (8, 11, 'B-TYPE')]
чмк шпикачки;[(0, 3, 'B-BRAND'), (4, 12, 'B-TYPE')]
уксуса;[(0, 6, 'B-TYPE')]
ополаскиватель synerget;[(0, 14, 'B-TYPE'), (15, 23, 'B-BRAND')]
варенники;[(0, 9, 'B-TYPE')]
югрибы;[(0, 6, 'B-TYPE')]
свеклал;[(0, 7, 'B-TYPE')]
гигиеническ;[(0, 11, 'B-TYPE')]
яблоуи;[(0, 6, 'B-TYPE')]
фены фили;[(0, 4, 'B-TYPE'), (5, 9, 'B-BRAND')]
аслатницы;[(0, 9, 'B-TYPE')]
дрожже;[(0, 6, 'B-TYPE')]
прочие консер;[(0, 6, 'B-TYPE'), (7, 13, 'B-TYPE')]
оладей;[(0, 6, 'B-TYPE')]
разрыхлитель айди;[(0, 12, 'B-TYPE'), (13, 17, 'B-BRAND')]
сосиски⁸;[(0, 8, 'B-TYPE')]
elix impr;[]
мёд;[(0, 3, 'B-TYPE')]
кефирз;[(0, 6, 'B-TYPE')]
улет;[(0, 4, 'B-TYPE')]
диванные подуш;[(0, 8, 'B-TYPE'), (9, 14, 'B-TYPE')]
kindee;[(0, 6, 'B-BRAND')]
порошрк;[(0, 7, 'B-TYPE')]
му му;[(0, 2, 'B-TYPE'), (3, 5, 'B-TYPE')]
милград;[(0, 7, 'B-BRAND')]
филт, кувшины;[(0, 5, 'B-TYPE'), (6, 13, 'B-TYPE')]
тушонкм;[(0, 7, 'B-TYPE')]
ореховая смесь смесь;[(0, 8, 'B-TYPE'), (9, 14, 'B-TYPE'), (15, 20, 'B-TYPE')]
мило;[]
ячнев;[(0, 5, 'B-TYPE')]
sortex одея;[(0, 6, 'B-BRAND'), (7, 11, 'B-TYPE')]
капуста papadimitriou;[(0, 7, 'B-TYPE'), (8, 21, 'B-BRAND')]
семена эконо;[(0, 6, 'B-TYPE'), (7, 12, 'B-TYPE')]
дезодорант на мужской;[(0, 10, 'B-TYPE')]
йогурт без сахарад;[(0, 6, 'B-TYPE')]
сыр монаст;[(0, 3, 'B-TYPE'), (4, 10, 'B-TYPE')]
пылесосов philips;[(0, 9, 'B-TYPE'), (10, 17, 'B-BRAND')]
ростагрокомплекс;[(0, 16, 'B-BRAND')]
gari;[]
рафаэл;[(0, 6, 'B-BRAND')]
яцца;[(0, 4, 'B-TYPE')]
подкопченая;[(0, 11, 'B-TYPE')]
всеслав баранк;[(0, 7, 'B-BRAND'), (8, 14, 'B-TYPE')]
сардины делатика;[(0, 7, 'B-TYPE'), (8, 16, 'B-BRAND')]
тертый сыр;[(0, 6, 'B-TYPE'), (7, 10, 'B-TYPE')]
кофе.;[(0, 5, 'B-TYPE')]
карсулы;[(0, 7, 'B-TYPE')]
сурник;[(0, 6, 'B-TYPE')]
салат сельдь;[(0, 5, 'B-TYPE'), (6, 12, 'B-TYPE')]
яицп;[(0, 4, 'B-TYPE')]
уголь для мангала;[(0, 5, 'B-TYPE')]
красное виноградн;[(0, 7, 'B-TYPE'), (8, 17, 'B-TYPE')]
карьошка;[(0, 8, 'B-TYPE')]
нагетс;[(0, 6, 'B-TYPE')]
сыроко;[(0, 6, 'B-TYPE')]
авкокадо;[(0, 8, 'B-TYPE')]
кири;[(0, 4, 'B-BRAND')]
бороди;[(0, 6, 'B-BRAND')]
пюрешки кашка для сна;[(0, 7, 'B-TYPE'), (8, 13, 'B-TYPE')]
мандаоин;[(0, 8, 'B-TYPE')]
энергети4;[(0, 9, 'B-TYPE')]
корм длы собак;[(0, 4, 'B-TYPE')]
помидор огурец капуста;[(0, 7, 'B-TYPE'), (8, 14, 'B-TYPE'), (15, 22, 'B-TYPE')]
сыробогатов;[(0, 11, 'B-TYPE')]
iska варенье;[(0, 4, 'B-BRAND'), (5, 12, 'B-TYPE')]
таблетбк;[(0, 8, 'B-TYPE')]
аос;[(0, 3, 'B-BRAND')]
тесто слоено;[(0, 5, 'B-TYPE'), (6, 12, 'B-TYPE')]
лиронас;[(0, 7, 'B-TYPE')]
блинчик сам;[(0, 7, 'B-TYPE'), (8, 11, 'B-BRAND')]
колбаса телячья;[(0, 7, 'B-TYPE'), (8, 15, 'B-TYPE')]
чкрнослив;[(0, 9, 'B-TYPE')]
прочая охлажденная;[(0, 6, 'B-TYPE'), (7, 18, 'B-TYPE')]
пряников милагро;[(0, 8, 'B-TYPE'), (9, 16, 'B-BRAND')]
роллт;[(0, 5, 'B-TYPE')]
curris;[(0, 6, 'B-BRAND')]
доброе;[(0, 6, 'B-TYPE')]
смасло;[(0, 6, 'B-TYPE')]
томаткая;[(0, 8, 'B-TYPE')]
fettica;[(0, 7, 'B-BRAND')]
боло;[]
шоколат;[(0, 7, 'B-TYPE')]
сливки.;[(0, 7, 'B-TYPE')]
грудка копч;[(0, 6, 'B-TYPE'), (7, 11, 'B-TYPE')]
борч;[(0, 4, 'B-TYPE')]
таматы;[(0, 6, 'B-TYPE')]
ребра свиные;[(0, 5, 'B-TYPE'), (6, 12, 'B-TYPE')]
пивной напито;[(0, 6, 'B-TYPE'), (7, 13, 'B-TYPE')]
томаьный;[(0, 8, 'B-TYPE')]
терриаки;[(0, 8, 'B-TYPE')]
яблочное;[(0, 8, 'B-TYPE')]
морклвный;[(0, 9, 'B-TYPE')]
хаяапури;[(0, 8, 'B-TYPE')]
клюквенн;[(0, 8, 'B-TYPE')]
блинчики с мя;[(0, 8, 'B-TYPE')]
наполнител;[(0, 10, 'B-TYPE')]
кисель1;[(0, 7, 'B-TYPE')]
миед;[]
журналы um;[(0, 7, 'B-TYPE'), (8, 10, 'B-BRAND')]
перфорато;[(0, 9, 'B-TYPE')]
корм9;[(0, 5, 'B-TYPE')]
баурсак;[(0, 7, 'B-TYPE')]
вафельная трубочка;[(0, 9, 'B-TYPE')]
paclan капсу;[(0, 6, 'B-BRAND'), (7, 12, 'B-TYPE')]
прросткв;[(0, 8, 'B-TYPE')]
капуста морская;[(0, 7, 'B-TYPE'), (8, 15, 'B-TYPE')]
хлеб белый красная;[(0, 4, 'B-TYPE'), (5, 10, 'B-TYPE'), (11, 18, 'B-BRAND')]
арбузи;[(0, 6, 'B-TYPE')]
кукурузнв;[(0, 9, 'B-TYPE')]
твороженные сырки;[(0, 11, 'B-TYPE'), (12, 17, 'B-TYPE')]
centrum ручек;[(0, 7, 'B-BRAND'), (8, 13, 'B-TYPE')]
крупы гречневой;[(0, 5, 'B-TYPE'), (6, 15, 'B-TYPE')]
каруста квашеная;[(0, 7, 'B-TYPE'), (8, 16, 'B-TYPE')]
мыло для кухни;[(0, 4, 'B-TYPE')]
fanta;[(0, 5, 'B-BRAND')]
горо8ек;[(0, 7, 'B-TYPE')]
мармеладь;[(0, 9, 'B-TYPE')]
рис в паее;[(0, 3, 'B-TYPE')]
кунжуьное;[(0, 9, 'B-TYPE')]
коллекция наволочк;[(0, 9, 'B-BRAND'), (10, 18, 'B-TYPE')]
кинлер;[(0, 6, 'B-BRAND')]
рыбки с луком;[(0, 5, 'B-TYPE')]
мндовик;[(0, 7, 'B-TYPE')]
шам;[(0, 3, 'B-TYPE')]
булоч;[(0, 5, 'B-TYPE')]
сыр натура;[(0, 3, 'B-TYPE'), (4, 10, 'B-TYPE')]
сливочнное;[(0, 10, 'B-TYPE')]
volit;[]
сметана;[(0, 7, 'B-TYPE')]
gilett;[]
колбасня;[(0, 8, 'B-TYPE')]
тарелко;[(0, 7, 'B-TYPE')]
шоколадка;[(0, 9, 'B-TYPE')]
кабочк;[(0, 6, 'B-TYPE')]
кетчу;[(0, 5, 'B-TYPE')]
exsponenta;[(0, 10, 'B-BRAND')]
вискам;[(0, 6, 'B-TYPE')]
руколла;[(0, 7, 'B-TYPE')]
питца;[(0, 5, 'B-TYPE')]
тан мила;[(0, 3, 'B-TYPE'), (4, 8, 'B-BRAND')]
чипсы driv;[(0, 5, 'B-TYPE'), (6, 10, 'B-BRAND')]
корзиночек кристалл;[(0, 10, 'B-TYPE'), (11, 19, 'B-BRAND')]
хлеб тостовы;[(0, 4, 'B-TYPE'), (5, 12, 'B-TYPE')]
мороженое шоколадное стаканчик;[(0, 9, 'B-TYPE'), (10, 20, 'B-TYPE')]
рулетики с ветчиной;[(0, 8, 'B-TYPE')]
листья сала;[(0, 6, 'B-TYPE'), (7, 11, 'B-TYPE')]
золень;[(0, 6, 'B-TYPE')]
сыхарики;[(0, 8, 'B-TYPE')]
цыплёно;[(0, 7, 'B-TYPE')]
чесниок;[(0, 7, 'B-TYPE')]
мссло;[(0, 5, 'B-TYPE')]
маслины без косто;[(0, 7, 'B-TYPE')]
nemol;[(0, 5, 'B-TYPE')]
первые блюда;[]
газиоовка;[(0, 9, 'B-TYPE')]
чебопитца;[(0, 9, 'B-TYPE')]
nordi;[(0, 5, 'B-BRAND')]
кофем;[(0, 5, 'B-TYPE')]
чернослив перекресток;[(0, 9, 'B-TYPE'), (10, 21, 'B-BRAND')]
мюсди;[(0, 5, 'B-TYPE')]
мяср;[(0, 4, 'B-TYPE')]
творог тема груша;[(0, 6, 'B-TYPE'), (7, 11, 'B-BRAND'), (12, 17, 'B-TYPE')]
контик;[(0, 6, 'B-TYPE')]
протеи;[(0, 6, 'B-TYPE')]
пиыо;[(0, 4, 'B-TYPE')]
грейпрфрут;[(0, 10, 'B-TYPE')]
муко;[(0, 4, 'B-TYPE')]
вящанка;[(0, 7, 'B-TYPE')]
пшено селяноч;[(0, 5, 'B-TYPE'), (6, 13, 'B-BRAND')]
грибф;[(0, 5, 'B-TYPE')]
bibigo;[(0, 6, 'B-BRAND')]
сковорода;[(0, 9, 'B-TYPE')]
солонка;[(0, 7, 'B-TYPE')]
икра мойва;[(0, 4, 'B-TYPE'), (5, 10, 'B-TYPE')]
вамин капуста;[(0, 5, 'B-BRAND'), (6, 13, 'B-TYPE')]
фен ирит;[(0, 3, 'B-TYPE'), (4, 8, 'B-BRAND')]
треск;[(0, 5, 'B-TYPE')]
майони;[(0, 6, 'B-TYPE')]
nishoo;[(0, 6, 'B-BRAND')]
шарм;[]
васаби kotanyi;[(0, 6, 'B-TYPE'), (7, 14, 'B-BRAND')]
burlesco колгот;[(0, 8, 'B-BRAND'), (9, 15, 'B-TYPE')]
заточные станк;[(0, 8, 'B-TYPE'), (9, 14, 'B-TYPE')]
авокадо тенд;[(0, 7, 'B-TYPE'), (8, 12, 'B-BRAND')]
сырокопчение;[(0, 12, 'B-TYPE')]
ватру;[(0, 5, 'B-TYPE')]
энергеик;[(0, 8, 'B-TYPE')]
перловк;[(0, 7, 'B-TYPE')]
родки;[(0, 5, 'B-TYPE')]
изоляционный материал;[(0, 12, 'B-TYPE'), (13, 21, 'B-TYPE')]
вр;[]
уфимский;[(0, 8, 'B-TYPE')]
баклажаны сладк;[(0, 9, 'B-TYPE'), (10, 15, 'B-BRAND')]
чай с ромашкой детский;[(0, 3, 'B-TYPE')]
рафаелло;[(0, 8, 'B-BRAND')]
шампиньеоны;[(0, 11, 'B-TYPE')]
маомелад;[(0, 8, 'B-TYPE')]
капуста красная цена;[(0, 7, 'B-TYPE'), (8, 15, 'B-BRAND'), (16, 20, 'B-BRAND')]
вишневы;[(0, 7, 'B-TYPE')]
наволоч;[(0, 7, 'B-TYPE')]
гольфы oeme;[(0, 6, 'B-TYPE'), (7, 11, 'B-BRAND')]
вареноэ;[(0, 7, 'B-TYPE')]
чернослив seeberg;[(0, 9, 'B-TYPE'), (10, 17, 'B-BRAND')]
масло оливковое нерафинированное;[(0, 5, 'B-TYPE'), (6, 15, 'B-TYPE')]
тортольи;[(0, 8, 'B-TYPE')]
барбек;[(0, 6, 'B-TYPE')]
шоколаж;[(0, 7, 'B-TYPE')]
мацло;[(0, 5, 'B-TYPE')]
кукуруза консервированная;[(0, 8, 'B-TYPE'), (9, 25, 'B-TYPE')]
газированная;[(0, 12, 'B-TYPE')]
fairy;[(0, 5, 'B-BRAND')]
sanpellegrino трусы;[(0, 13, 'B-BRAND'), (14, 19, 'B-TYPE')]
полукопчен;[(0, 10, 'B-TYPE')]
буиажные;[]
рагу слово мясника;[(0, 4, 'B-TYPE'), (5, 10, 'B-BRAND'), (11, 18, 'B-BRAND')]
сулугуни киржачск;[(0, 8, 'B-TYPE'), (9, 17, 'B-BRAND')]
милково;[(0, 7, 'B-BRAND')]
swet;[]
безлактозовое;[(0, 13, 'B-TYPE')]
макарн;[(0, 6, 'B-TYPE')]
шарики шоколадные;[(0, 6, 'B-TYPE'), (7, 17, 'B-TYPE')]
карибская;[(0, 9, 'B-BRAND')]
мицелярна;[(0, 9, 'B-TYPE')]
зернисиая;[(0, 9, 'B-TYPE')]
дошширак;[(0, 8, 'B-TYPE')]
пензенский паште;[(0, 10, 'B-BRAND'), (11, 16, 'B-TYPE')]
белая;[(0, 5, 'B-TYPE')]
жмемдемс;[]
огурцыф;[(0, 7, 'B-TYPE')]
средст;[(0, 6, 'B-TYPE')]
палочки с солью;[(0, 7, 'B-TYPE')]
спагери;[(0, 7, 'B-TYPE')]
сокосодержаший;[(0, 14, 'B-TYPE')]
минералка.;[(0, 10, 'B-TYPE')]
мороженое крем;[(0, 9, 'B-TYPE'), (10, 14, 'B-TYPE')]
vip;[]
вермишелб;[(0, 9, 'B-TYPE')]
вкичина;[(0, 7, 'B-TYPE')]
панама призер;[(0, 6, 'B-TYPE'), (7, 13, 'B-BRAND')]
паста детская;[(0, 5, 'B-TYPE'), (6, 13, 'B-TYPE')]
булочное булк;[(0, 8, 'B-TYPE'), (9, 13, 'B-BRAND')]
малют;[(0, 5, 'B-BRAND')]
гриб;[(0, 4, 'B-TYPE')]
спрея марк;[(0, 5, 'B-TYPE'), (6, 10, 'B-BRAND')]
винный mixbar;[(0, 6, 'B-TYPE'), (7, 13, 'B-BRAND')]
зубрчистки;[(0, 10, 'B-TYPE')]
шоеолад;[(0, 7, 'B-TYPE')]
морконый;[(0, 8, 'B-TYPE')]
безалкогольное пиво;[(0, 14, 'B-TYPE'), (15, 19, 'B-TYPE')]
шпротв;[(0, 6, 'B-TYPE')]
шаверма;[(0, 7, 'B-TYPE')]
отварные овощи;[(0, 8, 'B-TYPE'), (9, 14, 'B-TYPE')]
наггетсы золотой петушок;[(0, 8, 'B-TYPE'), (9, 16, 'B-BRAND'), (17, 24, 'B-TYPE')]
производство укро;[(0, 12, 'B-BRAND'), (13, 17, 'B-TYPE')]
филе кури;[(0, 4, 'B-TYPE'), (5, 9, 'B-TYPE')]
пицйа;[(0, 5, 'B-TYPE')]
колгот. diwa;[(0, 7, 'B-TYPE'), (8, 12, 'B-BRAND')]
зубная паста с кальцием;[(0, 6, 'B-TYPE'), (7, 12, 'B-TYPE')]
семочка;[(0, 7, 'B-TYPE')]
бумажное полотенце;[(0, 8, 'B-TYPE'), (9, 18, 'B-TYPE')]
соленый огурец;[(0, 7, 'B-TYPE'), (8, 14, 'B-TYPE')]
лосось;[(0, 6, 'B-TYPE')]
манная;[(0, 6, 'B-TYPE')]
черепаха;[(0, 8, 'B-TYPE')]
новотер;[(0, 7, 'B-BRAND')]
тхк лепеш;[]
оригири;[(0, 7, 'B-TYPE')]
варено-копченое сызран;[(0, 15, 'B-TYPE'), (16, 22, 'B-BRAND')]
вода со вку;[(0, 4, 'B-TYPE')]
колбаса сыро;[(0, 7, 'B-TYPE'), (8, 12, 'B-TYPE')]
сарвелат;[(0, 8, 'B-TYPE')]
йогруты;[(0, 7, 'B-TYPE')]
ьорщ;[(0, 4, 'B-TYPE')]
соцщенка;[(0, 8, 'B-TYPE')]
желе творожн;[(0, 4, 'B-TYPE'), (5, 12, 'B-TYPE')]
пасха даниссим;[(0, 5, 'B-TYPE'), (6, 14, 'B-BRAND')]
gilette;[]
яйцод;[(0, 5, 'B-TYPE')]
маков;[(0, 5, 'B-TYPE')]
вишнята;[(0, 7, 'B-TYPE')]
иэдесерт;[(0, 8, 'B-TYPE')]
малыетки;[(0, 8, 'B-TYPE')]
кагор красное;[(0, 5, 'B-TYPE'), (6, 13, 'B-TYPE')]
шмаковская;[(0, 10, 'B-TYPE')]
дрожжи производст;[(0, 6, 'B-TYPE'), (7, 17, 'B-BRAND')]
туалетнаяя;[(0, 10, 'B-TYPE')]
санки, ледянки;[(0, 6, 'B-TYPE'), (7, 14, 'B-TYPE')]
сквиши;[(0, 6, 'B-TYPE')]
сапоги bambul;[(0, 6, 'B-TYPE'), (7, 13, 'B-BRAND')]
яйцо шоколадное;[(0, 4, 'B-TYPE'), (5, 15, 'B-TYPE')]
chokozavr;[(0, 9, 'B-BRAND')]
прочее мыло;[(0, 6, 'B-TYPE'), (7, 11, 'B-TYPE')]
пелемен;[(0, 7, 'B-TYPE')]
борщи;[(0, 5, 'B-TYPE')]
огурцы соленные;[(0, 6, 'B-TYPE'), (7, 15, 'B-TYPE')]
крепешь для рамы;[(0, 7, 'B-TYPE')]
фокача;[(0, 6, 'B-TYPE')]
мылл;[(0, 4, 'B-TYPE')]
термостатные;[(0, 12, 'B-TYPE')]
декоративное мыло;[(0, 12, 'B-TYPE'), (13, 17, 'B-TYPE')]
monin сиро;[(0, 5, 'B-BRAND'), (6, 10, 'B-TYPE')]
пинц;[(0, 4, 'B-TYPE')]
ларсен таба;[(0, 6, 'B-BRAND'), (7, 11, 'B-TYPE')]
йонурты;[(0, 7, 'B-TYPE')]
шпикачки йола;[(0, 8, 'B-TYPE'), (9, 13, 'B-BRAND')]
бытпласт та;[(0, 8, 'B-BRAND'), (9, 11, 'B-TYPE')]
cleanic гигиеническа;[(0, 7, 'B-BRAND'), (8, 20, 'B-TYPE')]
стекломои idila;[(0, 9, 'B-TYPE'), (10, 15, 'B-BRAND')]
био картофел;[(0, 3, 'B-BRAND'), (4, 12, 'B-TYPE')]
лист салат;[(0, 4, 'B-TYPE'), (5, 10, 'B-TYPE')]
греяечкий;[(0, 9, 'B-TYPE')]
чмк шпикачк;[(0, 3, 'B-BRAND'), (4, 11, 'B-TYPE')]
cykoria кускус;[(0, 7, 'B-BRAND'), (8, 14, 'B-TYPE')]
гранулы econ;[(0, 7, 'B-TYPE'), (8, 12, 'B-BRAND')]
морск;[(0, 5, 'B-TYPE')]
boompbar;[(0, 8, 'B-BRAND')]
scandix;[(0, 7, 'B-BRAND')]
прочая кру;[(0, 6, 'B-TYPE'), (7, 10, 'B-TYPE')]
omsa;[(0, 4, 'B-BRAND')]
жидкость для мытья посуды;[(0, 8, 'B-TYPE')]
горчичный порошо;[(0, 9, 'B-TYPE'), (10, 16, 'B-TYPE')]
сгущеннле;[(0, 9, 'B-TYPE')]
ликры;[(0, 5, 'B-TYPE')]
крупа кукурузная;[(0, 5, 'B-TYPE'), (6, 16, 'B-TYPE')]
кола без сахара.;[(0, 4, 'B-TYPE')]
салфетки влаж;[(0, 8, 'B-TYPE')]
плавки kea;[(0, 6, 'B-TYPE'), (7, 10, 'B-BRAND')]
баклажан рост;[(0, 8, 'B-TYPE'), (9, 13, 'B-BRAND')]
перчптки;[(0, 8, 'B-TYPE')]
пельмени буль буль;[(0, 8, 'B-TYPE'), (9, 13, 'B-BRAND'), (14, 18, 'B-BRAND')]
сыр топл;[(0, 3, 'B-TYPE'), (4, 8, 'B-TYPE')]
нутрила;[(0, 7, 'B-TYPE')]
батон аванга;[(0, 5, 'B-TYPE'), (6, 12, 'B-TYPE')]
батарейка jazzwa;[(0, 9, 'B-TYPE'), (10, 16, 'B-BRAND')]
салат белая;[(0, 5, 'B-TYPE'), (6, 11, 'B-TYPE')]
увлажняющий крем для лица;[(0, 11, 'B-TYPE'), (12, 16, 'B-TYPE')]
сельдь ocean;[(0, 6, 'B-TYPE'), (7, 12, 'B-BRAND')]
соч;[(0, 3, 'B-TYPE')]
томаты перетертые;[(0, 6, 'B-TYPE'), (7, 17, 'B-TYPE')]
чайный ассорт;[(0, 6, 'B-TYPE'), (7, 13, 'B-TYPE')]
нектар;[(0, 6, 'B-TYPE')]
fito;[(0, 4, 'B-BRAND')]
блинчикки;[(0, 9, 'B-TYPE')]
короткоплодные;[(0, 14, 'B-TYPE')]
чьлоки;[(0, 6, 'B-TYPE')]
hatber пластилин;[(0, 6, 'B-BRAND'), (7, 16, 'B-TYPE')]
говядин;[(0, 7, 'B-TYPE')]
гречка в пакети;[(0, 6, 'B-TYPE')]
корошек;[(0, 7, 'B-TYPE')]
мердце;[(0, 6, 'B-TYPE')]
вареник;[(0, 7, 'B-TYPE')]
влажное;[(0, 7, 'B-TYPE')]
морковь белоручка;[(0, 7, 'B-TYPE'), (8, 17, 'B-BRAND')]
краяноч;[(0, 7, 'B-TYPE')]
хлелцы;[(0, 6, 'B-TYPE')]
сок натуральный;[(0, 3, 'B-TYPE'), (4, 15, 'B-TYPE')]
смесь молочная;[(0, 5, 'B-TYPE'), (6, 14, 'B-TYPE')]
улитк;[(0, 5, 'B-TYPE')]
блокнотов;[(0, 9, 'B-TYPE')]
brun;[]
иммуннеле;[(0, 9, 'B-BRAND')]
росинки;[(0, 7, 'B-TYPE')]
нф спичк;[(0, 2, 'B-BRAND'), (3, 8, 'B-TYPE')]
vinett;[(0, 6, 'B-BRAND')]
заливные афанас;[(0, 8, 'B-TYPE'), (9, 15, 'B-BRAND')]
кофеварка;[(0, 9, 'B-TYPE')]
горчицат;[(0, 8, 'B-TYPE')]
кофе 3 в р;[(0, 4, 'B-TYPE'), (5, 6, 'B-VOLUME'), (7, 8, 'B-VOLUME')]
ботинки jump;[(0, 7, 'B-TYPE'), (8, 12, 'B-BRAND')]
чтобы remocolor;[(6, 15, 'B-BRAND')]
растительно;[(0, 11, 'B-TYPE')]
стакана maderno;[(0, 7, 'B-TYPE'), (8, 15, 'B-BRAND')]
серышевский снежо;[(0, 11, 'B-BRAND'), (12, 17, 'B-TYPE')]
серце;[]
йогурт станция молочная;[(0, 6, 'B-TYPE')]
саше sonn;[(0, 4, 'B-TYPE'), (5, 9, 'B-BRAND')]
повседневная одежд;[(0, 12, 'B-TYPE'), (13, 18, 'B-TYPE')]
мешки для сусора;[(0, 5, 'B-TYPE')]
круас;[(0, 5, 'B-TYPE')]
грибочки печенье;[(0, 8, 'B-TYPE'), (9, 16, 'B-TYPE')]
копченья;[(0, 8, 'B-TYPE')]
подушечки хрутк;[(0, 9, 'B-TYPE'), (10, 15, 'B-BRAND')]
грибы для супа;[(0, 5, 'B-TYPE')]
чай lipton;[(0, 3, 'B-TYPE'), (4, 10, 'B-BRAND')]
кал;[]
шоколад cuisine royal;[(0, 7, 'B-TYPE')]
кастрюля pyrex;[(0, 8, 'B-TYPE'), (9, 14, 'B-BRAND')]
chirton са;[(0, 7, 'B-BRAND'), (8, 10, 'B-TYPE')]
панама приз;[(0, 6, 'B-TYPE'), (7, 11, 'B-BRAND')]
шариковый;[]
специи для кирицы;[(0, 6, 'B-TYPE')]
ароматизатморов;[(0, 15, 'B-TYPE')]
творожки чудо шоколад;[(0, 8, 'B-TYPE'), (9, 13, 'B-BRAND'), (14, 21, 'B-BRAND')]
хна fi;[(0, 3, 'B-TYPE'), (4, 6, 'B-BRAND')]
orbit;[]
штурвал шпроты;[(0, 7, 'B-BRAND'), (8, 14, 'B-TYPE')]
leb;[(0, 3, 'B-BRAND')]
паровыедховк;[(0, 12, 'B-TYPE')]
vileda совка;[]
tella;[(0, 5, 'B-BRAND')]
проростко;[(0, 9, 'B-TYPE')]
чеснок;[(0, 6, 'B-TYPE')]
угольки;[(0, 7, 'B-TYPE')]
пастилка mariquit;[(0, 8, 'B-TYPE'), (9, 17, 'B-BRAND')]
телец ветчина;[(0, 5, 'B-TYPE'), (6, 13, 'B-TYPE')]
говяжий фарш;[(0, 7, 'B-TYPE'), (8, 12, 'B-TYPE')]
напольное покрыти;[(0, 9, 'B-TYPE'), (10, 17, 'B-TYPE')]
щетки season;[(0, 5, 'B-TYPE'), (6, 12, 'B-BRAND')]
прочие фруктовые;[(0, 6, 'B-TYPE'), (7, 16, 'B-TYPE')]
ментос;[(0, 6, 'B-TYPE')]
клбаса;[(0, 6, 'B-TYPE')]
салат черепаха;[(0, 5, 'B-TYPE'), (6, 14, 'B-TYPE')]
вода люкс газированная;[(0, 4, 'B-TYPE'), (5, 9, 'B-BRAND'), (10, 22, 'B-TYPE')]
молоко 1,5 %;[(0, 6, 'B-TYPE'), (7, 10, 'B-PERCENT'), (11, 12, 'B-PERCENT')]
гель для стирки для черного;[(0, 4, 'B-TYPE')]
polaris или;[(0, 7, 'B-BRAND')]
детский сок;[(0, 7, 'B-TYPE'), (8, 11, 'B-TYPE')]
зонт зонти;[(0, 4, 'B-TYPE'), (5, 10, 'B-TYPE')]
соль для посудомо;[(0, 4, 'B-TYPE')]
смородина fresco;[(0, 9, 'B-TYPE'), (10, 16, 'B-BRAND')]
русалочка губки;[(0, 9, 'B-BRAND'), (10, 15, 'B-TYPE')]
нива;[]
багет котовскхл;[(0, 5, 'B-TYPE'), (6, 15, 'B-BRAND')]
нафинад;[(0, 7, 'B-TYPE')]
хонсервированные;[(0, 16, 'B-TYPE')]
виноград тенд;[(0, 8, 'B-TYPE'), (9, 13, 'B-BRAND')]
утренн;[(0, 6, 'B-TYPE')]
сыр слив;[(0, 3, 'B-TYPE'), (4, 8, 'B-TYPE')]
альмет;[(0, 6, 'B-TYPE')]
skitt;[(0, 5, 'B-BRAND')]
шоколад молочный россия;[(0, 7, 'B-TYPE'), (8, 16, 'B-TYPE'), (17, 23, 'B-BRAND')]
клет;[(0, 4, 'B-TYPE')]
граннола;[(0, 8, 'B-TYPE')]
на конфтами;[(3, 11, 'B-BRAND')]
сыр violette сливочный;[(0, 3, 'B-TYPE'), (4, 12, 'B-BRAND'), (13, 22, 'B-BRAND')]
средство для детской;[(0, 8, 'B-TYPE')]
чипсы рифленые;[(0, 5, 'B-TYPE'), (6, 14, 'B-TYPE')]
креветкиз;[(0, 9, 'B-TYPE')]
пирлженое;[(0, 9, 'B-TYPE')]
мягкие игрушки;[(0, 6, 'B-TYPE'), (7, 14, 'B-TYPE')]
лимом;[(0, 5, 'B-TYPE')]
чеснов;[(0, 6, 'B-TYPE')]
сметана с зеленью;[(0, 7, 'B-TYPE')]
юбилейгое;[(0, 9, 'B-TYPE')]
открытки, календари;[(0, 9, 'B-TYPE'), (10, 19, 'B-TYPE')]
брыгза;[(0, 6, 'B-TYPE')]
майоназ;[(0, 7, 'B-TYPE')]
семечки очищенные;[(0, 7, 'B-TYPE'), (8, 17, 'B-TYPE')]
фрутеола;[(0, 8, 'B-TYPE')]
одеяла марке;[(0, 6, 'B-TYPE'), (7, 12, 'B-BRAND')]
моллкн;[(0, 6, 'B-TYPE')]
сливно;[(0, 6, 'B-TYPE')]
петьевой;[(0, 8, 'B-TYPE')]
леде;[(0, 4, 'B-TYPE')]
№1 газета;[(0, 2, 'B-BRAND'), (3, 9, 'B-TYPE')]
мормелад;[(0, 8, 'B-TYPE')]
мультиварка vites;[(0, 11, 'B-TYPE'), (12, 17, 'B-BRAND')]
herlitz блокно;[(0, 7, 'B-BRAND'), (8, 14, 'B-TYPE')]
тропически1;[(0, 11, 'B-TYPE')]
карачинка;[(0, 9, 'B-TYPE')]
дворни;[(0, 6, 'B-TYPE')]
блинф;[(0, 5, 'B-TYPE')]
ранулы;[(0, 6, 'B-TYPE')]
тыорожный;[(0, 9, 'B-TYPE')]
макаро5ы;[(0, 8, 'B-TYPE')]
имунел;[(0, 6, 'B-TYPE')]
беляе;[(0, 5, 'B-TYPE')]
морожок;[(0, 7, 'B-TYPE')]
пюре роллтон;[(0, 4, 'B-TYPE'), (5, 12, 'B-TYPE')]
сакуленты;[(0, 9, 'B-TYPE')]
болоньезе;[(0, 9, 'B-TYPE')]
жввчка;[(0, 6, 'B-TYPE')]
кобачковая;[(0, 10, 'B-TYPE')]
карав;[(0, 5, 'B-TYPE')]
газирвока;[(0, 9, 'B-TYPE')]
творлг;[(0, 6, 'B-TYPE')]
biomax тан;[(0, 6, 'B-BRAND'), (7, 10, 'B-TYPE')]
рис на суши;[(0, 3, 'B-TYPE')]
корзиночка колибри;[(0, 10, 'B-TYPE'), (11, 18, 'B-BRAND')]
красная цена сыр;[(0, 7, 'B-BRAND'), (8, 12, 'B-BRAND'), (13, 16, 'B-TYPE')]
almete;[]
artfruit голуби;[(0, 8, 'B-BRAND'), (9, 15, 'B-TYPE')]
cmo;[(0, 3, 'B-BRAND')]
снэк;[(0, 4, 'B-TYPE')]
крктейль;[(0, 8, 'B-TYPE')]
челны-хлеб хлебц;[(0, 10, 'B-BRAND'), (11, 16, 'B-TYPE')]
спаржа artfru;[(0, 6, 'B-TYPE'), (7, 13, 'B-BRAND')]
сливок сух;[(0, 6, 'B-TYPE'), (7, 10, 'B-TYPE')]
вареньеа;[(0, 8, 'B-TYPE')]
помидорвы;[(0, 9, 'B-TYPE')]
семь пче;[(5, 8, 'B-TYPE')]
украшения, ароматизац;[(0, 10, 'B-TYPE'), (11, 21, 'B-TYPE')]
минеральная вода газированная;[(0, 11, 'B-TYPE'), (12, 16, 'B-TYPE'), (17, 29, 'B-TYPE')]
lotus дис;[(6, 9, 'B-TYPE')]
абрикосовое;[(0, 11, 'B-TYPE')]
какао с.пудов;[(0, 5, 'B-TYPE'), (6, 13, 'B-BRAND')]
воджанка;[(0, 8, 'B-TYPE')]
ostrov тор;[(0, 6, 'B-BRAND'), (7, 10, 'B-TYPE')]
гольфы immagine;[(0, 6, 'B-TYPE'), (7, 15, 'B-BRAND')]
кофта;[(0, 5, 'B-TYPE')]
коробка;[(0, 7, 'B-TYPE')]
сыровяленое;[(0, 11, 'B-TYPE')]
клмпот;[(0, 6, 'B-TYPE')]
варен. umka;[(0, 6, 'B-TYPE'), (7, 11, 'B-BRAND')]
ferrero драже;[(0, 7, 'B-BRAND'), (8, 13, 'B-TYPE')]
белое ст;[(0, 5, 'B-TYPE'), (6, 8, 'B-BRAND')]
стиральный  порошо;[(0, 10, 'B-TYPE'), (12, 18, 'B-TYPE')]
спофетки;[(0, 8, 'B-TYPE')]
milana;[(0, 6, 'B-BRAND')]
ruzkom сейчас;[(0, 6, 'B-BRAND')]
nuttela;[(0, 7, 'B-BRAND')]
хллб;[(0, 4, 'B-TYPE')]
чебупиццы;[(0, 9, 'B-TYPE')]
ратимир колбасы;[(0, 7, 'B-BRAND'), (8, 15, 'B-TYPE')]
activia;[(0, 7, 'B-BRAND')]
вишневый джем;[(0, 8, 'B-TYPE'), (9, 13, 'B-TYPE')]
дрожжи производств;[(0, 6, 'B-TYPE'), (7, 18, 'B-BRAND')]
ba houe;[(0, 2, 'B-BRAND'), (3, 7, 'B-BRAND')]
бананки;[(0, 7, 'B-TYPE')]
лисичи;[(0, 6, 'B-TYPE')]
сушеная ры;[(0, 7, 'B-TYPE'), (8, 10, 'B-TYPE')]
вафли классическ;[(0, 5, 'B-TYPE'), (6, 16, 'B-TYPE')]
арахис;[(0, 6, 'B-TYPE')]
поммдор;[(0, 7, 'B-TYPE')]
грушп;[(0, 5, 'B-TYPE')]
бергамот;[(0, 8, 'B-TYPE')]
лмона;[(0, 5, 'B-TYPE')]
баранка далматово;[(0, 7, 'B-TYPE'), (8, 17, 'B-BRAND')]
exponenta;[(0, 9, 'B-BRAND')]
творог из березо;[(0, 6, 'B-TYPE')]
мелки action!;[(0, 5, 'B-TYPE'), (6, 13, 'B-BRAND')]
тарталетеи;[(0, 10, 'B-TYPE')]
варенье малина;[(0, 7, 'B-TYPE'), (8, 14, 'B-BRAND')]
оргурчик;[(0, 8, 'B-TYPE')]
прочие лакомст;[(0, 6, 'B-TYPE'), (7, 14, 'B-TYPE')]
верм;[]
редька тенд;[(0, 6, 'B-TYPE'), (7, 11, 'B-BRAND')]
отбивны;[(0, 7, 'B-TYPE')]
скумюрия;[(0, 8, 'B-TYPE')]
курйа;[(0, 5, 'B-TYPE')]
liebendor;[(0, 9, 'B-BRAND')]
творожные продукт;[(0, 9, 'B-TYPE'), (10, 17, 'B-TYPE')]
лампы;[(0, 5, 'B-TYPE')]
пиццах;[(0, 6, 'B-TYPE')]
плавки disney;[(0, 6, 'B-TYPE'), (7, 13, 'B-BRAND')]
приправыч желати;[(0, 9, 'B-BRAND'), (10, 16, 'B-TYPE')]
кисломолочный;[(0, 13, 'B-TYPE')]
компот corrado;[(0, 6, 'B-TYPE'), (7, 14, 'B-BRAND')]
томаты в томатном соусе;[(0, 6, 'B-TYPE')]
моллао;[(0, 6, 'B-TYPE')]
анонасы;[(0, 7, 'B-TYPE')]
говяжий;[(0, 7, 'B-TYPE')]
макарлны;[(0, 8, 'B-TYPE')]
производство ды;[(0, 12, 'B-BRAND'), (13, 15, 'B-TYPE')]
мандарины artfruit;[(0, 9, 'B-TYPE'), (10, 18, 'B-BRAND')]
овощи мороженные;[(0, 5, 'B-TYPE'), (6, 16, 'B-TYPE')]
срус для бургеров;[(0, 4, 'B-TYPE')]
хпебопечь;[(0, 9, 'B-TYPE')]
манхо;[(0, 5, 'B-TYPE')]
помидоры соленые;[(0, 8, 'B-TYPE'), (9, 16, 'B-TYPE')]
желптин;[(0, 7, 'B-TYPE')]
сахар рафинад;[(0, 5, 'B-TYPE'), (6, 13, 'B-TYPE')]
карачиеская;[(0, 11, 'B-TYPE')]
средсто для мы;[(0, 7, 'B-TYPE')]
простыни togas;[(0, 8, 'B-TYPE'), (9, 14, 'B-BRAND')]
апельснины;[(0, 10, 'B-TYPE')]
kn;[]
онигиря;[(0, 7, 'B-TYPE')]
лимоная;[(0, 7, 'B-TYPE')]
ента;[(0, 4, 'B-BRAND')]
щоколаж;[(0, 7, 'B-TYPE')]
lopton;[(0, 6, 'B-BRAND')]
трубоче;[(0, 7, 'B-TYPE')]
пребиотики;[(0, 10, 'B-TYPE')]
premial дис;[(0, 7, 'B-BRAND'), (8, 11, 'B-TYPE')]
capuchino;[]
круасчаны;[(0, 9, 'B-TYPE')]
тушенка из говядины;[(0, 7, 'B-TYPE')]
молочны;[(0, 7, 'B-TYPE')]
коробок louman;[(0, 7, 'B-TYPE'), (8, 14, 'B-BRAND')]
масло ра;[(0, 5, 'B-TYPE'), (6, 8, 'B-TYPE')]
ножи laim;[(0, 4, 'B-TYPE'), (5, 9, 'B-BRAND')]
привет водка;[(0, 6, 'B-BRAND'), (7, 12, 'B-TYPE')]
делатика сарди;[(0, 8, 'B-BRAND'), (9, 14, 'B-TYPE')]
печентюь;[(0, 8, 'B-TYPE')]
россия шедрая душа;[(0, 6, 'B-BRAND'), (7, 13, 'B-BRAND'), (14, 18, 'B-BRAND')]
калаичк;[(0, 7, 'B-TYPE')]
энергетику;[(0, 10, 'B-TYPE')]
огкрьцы;[(0, 7, 'B-TYPE')]
маска для воллс;[(0, 5, 'B-TYPE'), (6, 9, 'B-TYPE'), (10, 15, 'B-TYPE')]
кондитерская;[(0, 12, 'B-BRAND')]
смородинк;[(0, 9, 'B-TYPE')]
кнцелярскийнабор;[(0, 16, 'B-TYPE')]
сыр купеческий;[(0, 3, 'B-TYPE'), (4, 14, 'B-TYPE')]
сельде;[(0, 6, 'B-TYPE')]
troffyum;[(0, 8, 'B-BRAND')]
сосиски¹;[(0, 8, 'B-TYPE')]
фрикадел;[(0, 8, 'B-BRAND')]
мчка;[(0, 4, 'B-TYPE')]
пяженку;[(0, 7, 'B-TYPE')]
капуста по деревенски;[(0, 7, 'B-TYPE')]
sok;[]
бюстгальтера v;[(0, 12, 'B-TYPE'), (13, 14, 'B-BRAND')]
жевачка;[(0, 7, 'B-TYPE')]
йогурт⁹;[(0, 7, 'B-TYPE')]
балкажан;[(0, 8, 'B-BRAND')]
рткотта;[(0, 7, 'B-TYPE')]
доьрый кола без сахара;[(0, 6, 'B-TYPE'), (7, 11, 'B-TYPE')]
сендвит;[(0, 7, 'B-TYPE')]
сливушки;[(0, 8, 'B-TYPE')]
молочный смесь;[(0, 8, 'B-TYPE'), (9, 14, 'B-TYPE')]
свиные;[(0, 6, 'B-TYPE')]
палочки творожные;[(0, 7, 'B-TYPE'), (8, 17, 'B-TYPE')]
cuisin;[(0, 6, 'B-BRAND')]
оладуки;[(0, 7, 'B-TYPE')]
пай;[(0, 3, 'B-TYPE')]
колбаски вел;[(0, 8, 'B-TYPE'), (9, 12, 'B-BRAND')]
мырники;[(0, 7, 'B-TYPE')]
мандарины fresc;[(0, 9, 'B-TYPE'), (10, 15, 'B-BRAND')]
малтна;[(0, 6, 'B-TYPE')]
творожок село зеленое;[(0, 8, 'B-TYPE'), (9, 13, 'B-BRAND'), (14, 21, 'B-BRAND')]
мороженое без сах;[(0, 9, 'B-TYPE')]
растение;[]
черешн;[(0, 6, 'B-TYPE')]
корзиночк;[(0, 9, 'B-TYPE')]
иасло сли;[(0, 5, 'B-TYPE'), (6, 9, 'B-TYPE')]
фитнес-аксессуа;[(0, 15, 'B-TYPE')]
zarech'e майон;[(0, 8, 'B-BRAND'), (9, 14, 'B-TYPE')]
чай ассорти;[(0, 3, 'B-TYPE'), (4, 11, 'B-TYPE')]
тушанка;[(0, 7, 'B-TYPE')]
monarch;[(0, 7, 'B-BRAND')]
брынза president;[(0, 6, 'B-TYPE'), (7, 16, 'B-BRAND')]
печеньещ;[(0, 8, 'B-TYPE')]
стопки, рюмки;[(0, 7, 'B-TYPE'), (8, 13, 'B-TYPE')]
стелька salton;[(0, 7, 'B-TYPE'), (8, 14, 'B-BRAND')]
мороженное в ведре;[(0, 10, 'B-TYPE')]
перчат;[(0, 6, 'B-TYPE')]
цегурт;[(0, 6, 'B-TYPE')]
зелень для салата;[(0, 6, 'B-TYPE')]
копчёные окорочка;[(0, 8, 'B-TYPE'), (9, 17, 'B-TYPE')]
лкарандаши;[(0, 10, 'B-TYPE')]
крышки hitt;[(0, 6, 'B-TYPE'), (7, 11, 'B-BRAND')]
мокровка;[(0, 8, 'B-TYPE')]
фрешба;[(0, 6, 'B-TYPE')]
редька тенде;[(0, 6, 'B-TYPE'), (7, 12, 'B-BRAND')]
палочки сдобные;[(0, 7, 'B-TYPE'), (8, 15, 'B-TYPE')]
мяслины;[(0, 7, 'B-TYPE')]
бананчи;[(0, 7, 'B-TYPE')]
отбелтватель;[(0, 12, 'B-TYPE')]
тостовй;[(0, 7, 'B-TYPE')]
приправва;[(0, 9, 'B-TYPE')]
увлажнители воздуха;[(0, 11, 'B-TYPE'), (12, 19, 'B-TYPE')]
копченая грудка;[(0, 8, 'B-TYPE'), (9, 15, 'B-TYPE')]
блинчик;[(0, 7, 'B-TYPE')]
биойогур;[(0, 8, 'B-TYPE')]
актимел;[(0, 7, 'B-TYPE')]
ополаскиватель gra;[(0, 14, 'B-TYPE'), (15, 18, 'B-BRAND')]
сгущенко;[(0, 8, 'B-TYPE')]
nespresso;[(0, 9, 'B-BRAND')]
зелёнь;[(0, 6, 'B-TYPE')]
ferrer;[(0, 6, 'B-BRAND')]
навигационное оборудование;[(0, 13, 'B-TYPE'), (14, 26, 'B-TYPE')]
соусы прочи;[(0, 5, 'B-TYPE'), (6, 11, 'B-TYPE')]
куртки, ветровки;[(0, 7, 'B-TYPE'), (8, 16, 'B-TYPE')]
вемол сметана;[(0, 5, 'B-BRAND'), (6, 13, 'B-TYPE')]
посмдоры;[(0, 8, 'B-TYPE')]
етчуп;[]
курбатки;[(0, 8, 'B-TYPE')]
гель мужск;[(0, 4, 'B-TYPE'), (5, 10, 'B-TYPE')]
бульмееи;[(0, 8, 'B-TYPE')]
сок вишневый;[(0, 3, 'B-TYPE'), (4, 12, 'B-TYPE')]
step' кускус;[(0, 5, 'B-BRAND'), (6, 12, 'B-TYPE')]
ножни;[(0, 5, 'B-TYPE')]
моро;[(0, 4, 'B-TYPE')]
семаски;[(0, 7, 'B-TYPE')]
вафели;[(0, 6, 'B-TYPE')]
box;[(0, 3, 'B-TYPE')]
лимоннфй;[(0, 8, 'B-TYPE')]
пудинг а.ростагрокомплекс;[(0, 6, 'B-TYPE'), (7, 25, 'B-BRAND')]
беллини мармела;[(0, 7, 'B-BRAND'), (8, 15, 'B-TYPE')]
сахарны;[(0, 7, 'B-TYPE')]
плавлеены;[(0, 9, 'B-TYPE')]
хатбер степле;[(0, 6, 'B-BRAND'), (7, 13, 'B-TYPE')]
фены ровен;[(0, 4, 'B-TYPE'), (5, 10, 'B-BRAND')]
кукурузные сырные шарики;[(0, 10, 'B-TYPE'), (11, 17, 'B-TYPE')]
danone пасха;[(0, 6, 'B-BRAND'), (7, 12, 'B-TYPE')]
grinfield;[(0, 9, 'B-BRAND')]
варенье, мё;[(0, 8, 'B-TYPE'), (9, 11, 'B-TYPE')]
ммасло;[(0, 6, 'B-TYPE')]
лсалат;[(0, 6, 'B-TYPE')]
ручках марк;[(0, 6, 'B-TYPE'), (7, 11, 'B-BRAND')]
кардамон производст;[(0, 8, 'B-TYPE'), (9, 19, 'B-BRAND')]
твородна;[(0, 8, 'B-TYPE')]
помидлоры;[(0, 9, 'B-TYPE')]
фрикадельки из телятины;[(0, 11, 'B-TYPE')]
бумагой koopm;[(0, 7, 'B-TYPE'), (8, 13, 'B-BRAND')]
творожкм;[(0, 8, 'B-TYPE')]
мистер пропер для полов;[(7, 13, 'B-TYPE')]
огурйа;[(0, 6, 'B-TYPE')]
моорко;[(0, 6, 'B-TYPE')]
чесночный хлеб;[(0, 9, 'B-TYPE'), (10, 14, 'B-TYPE')]
чай детский;[(0, 3, 'B-TYPE'), (4, 11, 'B-TYPE')]
освежитель в комнату;[(0, 10, 'B-TYPE')]
пальто хамильт;[(0, 6, 'B-TYPE'), (7, 14, 'B-BRAND')]
martini бел;[(0, 7, 'B-BRAND'), (8, 11, 'B-TYPE')]
облипих;[(0, 7, 'B-TYPE')]
почиеоощ;[]
пудинг нежн;[(0, 6, 'B-TYPE'), (7, 11, 'B-BRAND')]
ягоды свеж;[(0, 5, 'B-TYPE'), (6, 10, 'B-TYPE')]
стелька марке;[(0, 7, 'B-TYPE'), (8, 13, 'B-BRAND')]
горошек зеленый;[(0, 7, 'B-TYPE'), (8, 15, 'B-TYPE')]
липёшка;[(0, 7, 'B-TYPE')]
укроп ти;[(0, 5, 'B-TYPE'), (6, 8, 'B-TYPE')]
вялено;[(0, 6, 'B-TYPE')]
хлопья пшенные;[(0, 6, 'B-TYPE'), (7, 14, 'B-TYPE')]
с гарнира;[]
грлм;[(0, 4, 'B-TYPE')]
охлажденнеы;[(0, 11, 'B-TYPE')]
president;[]
чесночн;[(0, 7, 'B-TYPE')]
сушенный;[(0, 8, 'B-TYPE')]
каша marc&фис;[(0, 4, 'B-TYPE'), (5, 13, 'B-BRAND')]
чай серный;[(0, 3, 'B-TYPE'), (4, 10, 'B-TYPE')]
корнишоныр;[(0, 10, 'B-TYPE')]
гранола;[(0, 7, 'B-TYPE')]
хлэеб;[(0, 5, 'B-TYPE')]
соррженое;[(0, 9, 'B-TYPE')]
прочие натуральные;[(0, 6, 'B-TYPE'), (7, 18, 'B-TYPE')]
сыр бе;[(0, 3, 'B-TYPE'), (4, 6, 'B-TYPE')]
инедйка;[(0, 7, 'B-TYPE')]
нектар бариноф;[(0, 6, 'B-TYPE'), (7, 14, 'B-TYPE')]
напитки алкогольные;[(0, 7, 'B-TYPE'), (8, 19, 'B-TYPE')]
майонкзэ;[(0, 8, 'B-TYPE')]
ребрышки в маринаде;[(0, 8, 'B-TYPE')]
немясо;[(0, 6, 'B-TYPE')]
пылесосы;[(0, 8, 'B-TYPE')]
сладости;[(0, 8, 'B-TYPE')]
чаы;[(0, 3, 'B-TYPE')]
помидоры,;[(0, 9, 'B-TYPE')]
яац;[(0, 3, 'B-TYPE')]
чернологоловка;[(0, 14, 'B-TYPE')]
тендер шпроты;[(0, 6, 'B-BRAND'), (7, 13, 'B-TYPE')]
картошке;[(0, 8, 'B-TYPE')]
тазы хаусма;[(0, 4, 'B-TYPE'), (5, 11, 'B-BRAND')]
delikaiser;[(0, 10, 'B-TYPE')]
bel;[]
консерво;[(0, 8, 'B-TYPE')]
крем репеллент;[(0, 4, 'B-TYPE'), (5, 14, 'B-TYPE')]
колк;[(0, 4, 'B-TYPE')]
морс клюквенный;[(0, 4, 'B-TYPE'), (5, 15, 'B-TYPE')]
мкл;[]
сесночный;[(0, 9, 'B-TYPE')]
giohi przio;[(0, 5, 'B-TYPE'), (6, 11, 'B-BRAND')]
чернослив производство;[(0, 9, 'B-TYPE'), (10, 22, 'B-BRAND')]
клбуника;[(0, 8, 'B-TYPE')]
кисломолочные продукты;[(0, 13, 'B-TYPE'), (14, 22, 'B-TYPE')]
очки commo;[(0, 4, 'B-TYPE'), (5, 10, 'B-BRAND')]
энер;[(0, 4, 'B-TYPE')]
зепница;[(0, 7, 'B-TYPE')]
milkywa;[(0, 7, 'B-TYPE')]
очиститель для унитаза;[(0, 10, 'B-TYPE')]
арбузные;[(0, 8, 'B-TYPE')]
кашы;[(0, 4, 'B-TYPE')]
рычалк;[(0, 6, 'B-TYPE')]
